"Rank","NameCountry/Region","No. of FTE Students","No. of students per staff","International Students","Female:Male Ratio"
"1","University of OxfordUnited KingdomCoursesEnquireAdmissions Support","20,409","11.2","38%","46 : 54"
"2","University of CambridgeUnited KingdomCoursesEnquireAdmissions Support","18,389","10.9","35%","45 : 55"
"=3","California Institute of TechnologyUnited StatesCoursesEnquireAdmissions Support","2,209","6.5","27%","31 : 69"
"=3","Stanford UniversityUnited StatesCoursesExplore","15,845","7.5","22%","42 : 58"
"5","Massachusetts Institute of TechnologyUnited StatesCoursesEnquireAdmissions Support","11,177","8.7","34%","37 : 63"
"6","Harvard UniversityUnited StatesCoursesEnquireAdmissions Support","20,326","8.9","26%","n/a"
"7","Princeton UniversityUnited StatesCoursesEnquireAdmissions Support","7,955","8.3","24%","45 : 55"
"8","Imperial College LondonUnited KingdomCoursesEnquireAdmissions Support","15,857","11.4","55%","37 : 63"
"9","The University of ChicagoUnited StatesCoursesExplore","13,525","6.2","25%","44 : 56"
"=10","ETH ZurichSwitzerlandCourses","19,233","14.6","38%","31 : 69"
"=10","University of PennsylvaniaUnited StatesCoursesEnquireAdmissions Support","20,361","6.5","20%","50 : 50"
"12","Yale UniversityUnited StatesCoursesEnquireAdmissions Support","12,155","4.3","21%","49 : 51"
"13","Johns Hopkins UniversityUnited StatesCoursesEnquireAdmissions Support","15,498","4.3","24%","52 : 48"
"14","Columbia UniversityUnited StatesCoursesEnquireAdmissions Support","26,587","6.1","32%","n/a"
"15","University of California, Los AngelesUnited StatesCoursesEnquireAdmissions Support","39,279","9.6","17%","53 : 47"
"16","UCLUnited KingdomCoursesEnquireAdmissions Support","30,304","10.5","49%","56 : 44"
"17","Duke UniversityUnited StatesCoursesEnquireAdmissions Support","15,256","4.5","22%","49 : 51"
"18","University of California, BerkeleyUnited StatesCoursesEnquireAdmissions Support","36,182","13.1","17%","52 : 48"
"19","Cornell UniversityUnited StatesCoursesEnquireAdmissions Support","21,850","9.8","24%","49 : 51"
"20","Northwestern UniversityUnited StatesCoursesEnquireAdmissions Support","17,466","12.8","18%","48 : 52"
"21","University of Michigan-Ann ArborUnited StatesCoursesEnquireAdmissions Support","41,818","8.6","16%","48 : 52"
"=22","National University of SingaporeSingaporeCoursesExplore","30,602","17.0","30%","51 : 49"
"=22","University of TorontoCanadaCoursesEnquireExplore","69,427","18.7","17%","n/a"
"24","Carnegie Mellon UniversityUnited StatesCoursesEnquireAdmissions Support","12,676","13.5","45%","39 : 61"
"=25","London School of Economics and Political ScienceUnited KingdomCoursesEnquireAdmissions Support","10,065","12.2","71%","52 : 48"
"=25","University of WashingtonUnited StatesCoursesEnquireAdmissions Support","44,945","11.4","16%","52 : 48"
"=27","University of EdinburghUnited KingdomCoursesEnquireAdmissions Support","26,759","12.5","40%","59 : 41"
"=27","New York UniversityUnited StatesCoursesEnquireAdmissions Support","43,860","9.6","26%","56 : 44"
"=27","Peking UniversityChinaCoursesExplore","42,136","8.9","16%","47 : 53"
"30","Tsinghua UniversityChinaCoursesExplore","42,089","13.7","9%","32 : 68"
"31","University of California, San DiegoUnited StatesCoursesEnquireAdmissions Support","29,633","12.8","17%","46 : 54"
"32","University of MelbourneAustraliaCoursesEnquire","42,116","26.6","40%","55 : 45"
"33","Georgia Institute of TechnologyUnited StatesCoursesEnquireAdmissions Support","20,773","20.7","27%","31 : 69"
"=34","University of British ColumbiaCanadaCoursesEnquire","51,889","18.1","29%","54 : 46"
"=34","LMU MunichGermanyCoursesExplore","36,091","15.6","15%","61 : 39"
"36","King’s College LondonUnited KingdomCoursesAdmissions Support","23,207","12.0","41%","62 : 38"
"37","University of Illinois at Urbana-ChampaignUnited StatesCoursesEnquireAdmissions Support","43,402","22.8","23%","46 : 54"
"=38","École Polytechnique Fédérale de LausanneSwitzerlandCourses","9,928","11.2","55%","28 : 72"
"=38","Karolinska InstituteSwedenCoursesVerify Documents","7,424","10.9","19%","68 : 32"
"40","University of Hong KongHong KongCoursesExplore","18,364","18.0","42%","54 : 46"
"41","Technical University of MunichGermanyCoursesVerify Documents","38,689","54.4","23%","34 : 66"
"42","McGill UniversityCanadaCoursesEnquire","30,940","13.3","26%","57 : 43"
"43","University of Wisconsin-MadisonUnited StatesCoursesEnquireAdmissions Support","38,960","10.7","12%","51 : 49"
"44","The Hong Kong University of Science and TechnologyHong KongCoursesExplore","10,214","23.1","31%","n/a"
"45","Heidelberg UniversityGermanyCourses","28,876","23.2","17%","55 : 45"
"46","The University of TokyoJapanCourses","26,000","6.7","10%","n/a"
"47","KU LeuvenBelgiumCoursesExplore","44,412","37.1","15%","50 : 50"
"48","Australian National UniversityAustraliaCoursesEnquire","15,986","19.3","35%","52 : 48"
"49","University of Texas at AustinUnited StatesCoursesEnquireAdmissions Support","48,561","17.1","10%","51 : 49"
"=50","Brown UniversityUnited StatesCoursesEnquireAdmissions Support","8,898","10.7","20%","n/a"
"=50","Washington University in St LouisUnited StatesCoursesExplore","12,600","7.5","17%","n/a"
"52","Nanyang Technological University, SingaporeSingaporeCoursesExplore","25,499","16.3","31%","48 : 52"
"53","University of California, Santa BarbaraUnited StatesCoursesEnquireAdmissions Support","23,054","28.1","14%","52 : 48"
"=54","University of California, DavisUnited StatesCoursesEnquireAdmissions Support","37,365","13.8","10%","56 : 44"
"=54","University of ManchesterUnited KingdomCoursesEnquireExplore","35,318","14.6","38%","52 : 48"
"=56","University of MinnesotaUnited StatesCoursesEnquire","60,949","17.4","11%","51 : 49"
"=56","University of North Carolina at Chapel HillUnited StatesCoursesEnquireAdmissions Support","34,684","9.7","8%","56 : 44"
"58","Chinese University of Hong KongHong KongCoursesExplore","18,072","17.3","31%","n/a"
"59","University of AmsterdamNetherlandsCoursesExplore","23,495","12.3","12%","57 : 43"
"60","Purdue University West LafayetteUnited StatesCoursesEnquireAdmissions Support","38,770","17.4","23%","42 : 58"
"61","University of SydneyAustraliaCourses","44,553","21.6","32%","57 : 43"
"62","Humboldt University of BerlinGermanyCourses","32,172","56.5","17%","n/a"
"63","Delft University of TechnologyNetherlandsCoursesVerify Documents","17,057","19.6","27%","28 : 72"
"64","Wageningen University & ResearchNetherlandsCourses","12,326","19.7","29%","55 : 45"
"65","The University of QueenslandAustraliaCoursesExplore","38,968","35.7","26%","55 : 45"
"66","University of Southern CaliforniaUnited StatesCoursesEnquireAdmissions Support","38,380","12.8","23%","53 : 47"
"67","Leiden UniversityNetherlandsCoursesExplore","24,825","18.2","12%","57 : 43"
"68","Utrecht UniversityNetherlandsCoursesExplore","31,522","15.2","7%","59 : 41"
"69","University of Maryland, College ParkUnited StatesCoursesEnquire","31,772","16.5","10%","48 : 52"
"=70","Boston UniversityUnited StatesCoursesEnquireAdmissions Support","24,833","8.6","25%","60 : 40"
"=70","Ohio State University (Main campus)United StatesCoursesEnquire","53,190","12.7","13%","49 : 51"
"=72","Erasmus University RotterdamNetherlandsCoursesExplore","22,047","20.1","20%","49 : 51"
"=72","Paris Sciences et Lettres – PSL Research University ParisFranceCourses","19,978","10.1","25%","n/a"
"=74","Kyoto UniversityJapanCourses","22,481","8.7","8%","24 : 76"
"=74","Seoul National UniversitySouth KoreaCourses","26,470","12.6","11%","n/a"
"76","University of BristolUnited KingdomCoursesAdmissions Support","19,995","13.7","27%","53 : 47"
"77","Penn State (Main campus)United StatesCoursesEnquire","45,411","15.2","14%","46 : 54"
"78","McMaster UniversityCanadaCoursesExplore","23,693","24.7","15%","52 : 48"
"79","RWTH Aachen UniversityGermanyCourses","43,721","57.7","18%","32 : 68"
"=80","University of GlasgowUnited KingdomCoursesExplore","23,389","15.4","36%","58 : 42"
"=80","Monash UniversityAustraliaCoursesEnquire","46,846","33.7","28%","57 : 43"
"82","University of FreiburgGermanyCourses","20,871","40.3","19%","57 : 43"
"=83","University of GroningenNetherlandsCoursesExplore","26,197","24.1","17%","52 : 48"
"=83","Michigan State UniversityUnited StatesCoursesEnquire","44,556","17.0","17%","51 : 49"
"85","UNSW SydneyAustraliaCoursesExplore","40,133","26.7","34%","46 : 54"
"=86","Rice UniversityUnited StatesCoursesEnquireAdmissions Support","6,441","9.0","28%","43 : 57"
"=86","Uppsala UniversitySwedenCoursesVerify Documents","25,174","17.3","11%","57 : 43"
"88","Free University of BerlinGermanyCoursesVerify Documents","34,114","57.0","21%","59 : 41"
"89","Dartmouth CollegeUnited StatesCoursesEnquireAdmissions Support","6,100","6.6","15%","47 : 53"
"90","University of HelsinkiFinlandCourses","22,532","16.2","6%","65 : 35"
"91","University of WarwickUnited KingdomCoursesEnquireAdmissions Support","18,424","13.0","39%","48 : 52"
"92","Technical University of BerlinGermanyCourses","22,390","64.3","20%","34 : 66"
"93","Lund UniversitySwedenCoursesVerify Documents","28,663","12.1","16%","55 : 45"
"94","University of TübingenGermanyCoursesVerify Documents","27,844","38.5","13%","59 : 41"
"=95","University of BaselSwitzerlandCourses","12,729","17.7","27%","55 : 45"
"=95","Korea Advanced Institute of Science and Technology (KAIST)South KoreaCourses","9,464","10.6","9%","20 : 80"
"97","Durham UniversityUnited KingdomCoursesEnquireAdmissions Support","16,310","14.9","29%","54 : 46"
"98","Emory UniversityUnited StatesCoursesEnquireAdmissions Support","12,649","4.4","19%","57 : 43"
"99","University of California, IrvineUnited StatesCoursesEnquireAdmissions Support","30,419","17.0","21%","52 : 48"
"=100","University of BonnGermanyCoursesVerify Documents","35,619","77.9","13%","55 : 45"
"=100","University of Colorado BoulderUnited StatesCoursesEnquire","30,780","16.3","10%","44 : 56"
"=100","University of Pittsburgh-Pittsburgh campusUnited StatesCoursesEnquireAdmissions Support","26,367","5.9","10%","52 : 48"
"103","Maastricht UniversityNetherlandsCoursesExplore","16,727","18.0","50%","58 : 42"
"104","University of SheffieldUnited KingdomCoursesEnquire","24,581","14.9","36%","50 : 50"
"=105","University of BernSwitzerlandCourses","10,449","16.5","15%","56 : 44"
"=105","Vanderbilt UniversityUnited StatesCoursesEnquireAdmissions Support","12,011","3.3","13%","53 : 47"
"107","Ghent UniversityBelgiumCoursesVerify Documents","35,909","35.9","10%","53 : 47"
"108","University of MontrealCanadaCoursesExplore","41,017","21.9","22%","55 : 45"
"=109","Aarhus UniversityDenmarkCourses","25,167","14.3","12%","54 : 46"
"=109","University of CopenhagenDenmarkCourses","30,395","4.1","14%","58 : 42"
"=111","Sungkyunkwan University (SKKU)South KoreaCoursesExplore","24,055","19.6","12%","42 : 58"
"=111","The University of Western AustraliaAustraliaCoursesEnquire","18,787","21.8","25%","49 : 51"
"=113","University of GöttingenGermanyCoursesVerify Documents","28,554","27.9","12%","50 : 50"
"=113","University of Virginia (Main campus)United StatesCoursesEnquireAdmissions Support","24,055","9.7","12%","52 : 48"
"115","École PolytechniqueFranceCoursesExplore","2,799","5.1","36%","21 : 79"
"116","Fudan UniversityChinaCourses","32,859","12.1","10%","51 : 49"
"=117","Indiana UniversityUnited StatesCoursesEnquire","66,835","14.1","15%","52 : 48"
"=117","Trinity College DublinIrelandCoursesExplore","16,157","22.8","27%","58 : 42"
"=119","University of AlbertaCanadaCoursesEnquire","32,435","21.6","26%","55 : 45"
"=119","City University of Hong KongHong KongCoursesExplore","9,240","11.2","35%","54 : 46"
"121","Queen Mary University of LondonUnited KingdomCourses","15,405","13.3","45%","54 : 46"
"122","Radboud University NijmegenNetherlandsCoursesExplore","19,358","19.1","12%","56 : 44"
"=123","Georgetown UniversityUnited StatesCoursesEnquireAdmissions Support","15,956","8.6","17%","54 : 46"
"=123","Pierre and Marie Curie UniversityFranceCourses","25,117","12.3","20%","49 : 51"
"125","University of MannheimGermanyCoursesVerify Documents","10,995","74.5","16%","54 : 46"
"=126","Arizona State University (Tempe)United StatesCoursesExplore","44,475","20.1","19%","43 : 57"
"=126","Charité - Universitätsmedizin BerlinGermanyCourses","6,792","16.2","18%","63 : 37"
"=126","University of SouthamptonUnited KingdomCoursesEnquire","21,670","12.5","33%","53 : 47"
"129","Université Catholique de LouvainBelgiumCoursesVerify Documents","24,451","37.8","19%","54 : 46"
"=130","University of ExeterUnited KingdomCoursesExplore","19,159","17.5","28%","55 : 45"
"=130","University of GenevaSwitzerlandCourses","16,085","15.1","40%","61 : 39"
"132","University of Science and Technology of ChinaChinaCoursesExplore","16,032","8.2","3%","n/a"
"133","Karlsruhe Institute of TechnologyGermanyCoursesVerify Documents","25,824","26.3","18%","27 : 73"
"=134","University of AdelaideAustraliaCoursesExplore","21,241","34.3","26%","48 : 52"
"=134","Stockholm UniversitySwedenCourses","33,156","24.9","8%","n/a"
"136","University of ZurichSwitzerlandCourses","26,363","5.9","20%","57 : 43"
"=137","Pohang University of Science and Technology (POSTECH)South KoreaCourses","3,046","10.4","4%","22 : 78"
"=137","University of YorkUnited KingdomCoursesEnquire","14,962","15.1","27%","55 : 45"
"139","University of LeedsUnited KingdomCoursesEnquire","27,995","14.7","26%","60 : 40"
"140","Pompeu Fabra UniversitySpainCoursesVerify Documents","11,172","20.8","12%","59 : 41"
"=141","University of BirminghamUnited KingdomCoursesEnquire","27,061","15.0","27%","54 : 46"
"=141","Eindhoven University of TechnologyNetherlandsCoursesExplore","7,637","18.6","17%","28 : 72"
"=143","University of FloridaUnited StatesCoursesEnquireAdmissions Support","46,346","17.5","9%","54 : 46"
"=143","University of St AndrewsUnited KingdomCoursesEnquireAdmissions Support","9,005","13.0","48%","58 : 42"
"145","University of CologneGermanyCoursesVerify Documents","45,087","50.9","10%","65 : 35"
"146","University of OsloNorwayCoursesVerify Documents","27,730","18.6","19%","60 : 40"
"=147","Autonomous University of BarcelonaSpainCoursesExplore","32,309","12.9","16%","59 : 41"
"=147","University of NottinghamUnited KingdomCoursesEnquire","29,176","14.0","30%","54 : 46"
"=147","University of SussexUnited KingdomCoursesEnquire","12,384","15.4","38%","55 : 45"
"=150","Lancaster UniversityUnited KingdomCoursesEnquireAdmissions Support","11,637","13.1","38%","51 : 49"
"=150","University of Notre DameUnited StatesCoursesEnquireAdmissions Support","11,912","13.4","11%","45 : 55"
"152","University of LausanneSwitzerlandCourses","13,065","13.6","25%","n/a"
"=153","University of RochesterUnited StatesCoursesEnquireAdmissions Support","9,636","4.3","29%","49 : 51"
"=153","Technical University of DenmarkDenmarkCoursesVerify Documents","8,548","6.0","24%","29 : 71"
"=155","Sant’Anna School of Advanced Studies – PisaItalyCourses","690","11.7","14%","37 : 63"
"=155","TU DresdenGermanyCoursesVerify Documents","34,514","35.9","13%","42 : 58"
"=155","Ulm UniversityGermanyCoursesVerify Documents","10,657","28.4","13%","48 : 52"
"158","Case Western Reserve UniversityUnited StatesCoursesEnquireAdmissions Support","10,130","7.1","19%","49 : 51"
"=159","University of LeicesterUnited KingdomCoursesEnquire","14,635","14.1","38%","54 : 46"
"=159","Texas A&M UniversityUnited StatesCoursesExplore","56,245","23.6","9%","48 : 52"
"161","University of ArizonaUnited StatesCoursesEnquire","38,334","13.0","9%","52 : 48"
"=162","University of California, Santa CruzUnited StatesCoursesEnquire","17,866","23.0","4%","52 : 48"
"=162","Cardiff UniversityUnited KingdomCoursesEnquire","24,186","13.5","26%","58 : 42"
"=162","University of Erlangen-NurembergGermanyCourses","38,730","58.5","12%","49 : 51"
"=165","University of ViennaAustriaCourses","35,375","20.8","26%","66 : 34"
"=165","Vrije Universiteit AmsterdamNetherlandsCoursesVerify Documents","24,554","18.1","7%","56 : 44"
"=165","University of WürzburgGermanyCourses","22,537","33.9","9%","57 : 43"
"168","University of Alabama at BirminghamUnited StatesCoursesExplore","15,703","15.2","6%","61 : 39"
"=169","Nanjing UniversityChinaCourses","33,456","14.2","10%","50 : 50"
"=169","Tufts UniversityUnited StatesCoursesEnquireAdmissions Support","10,463","9.3","16%","54 : 46"
"171","University of Cape TownSouth AfricaCoursesExplore","20,775","11.7","18%","53 : 47"
"172","Rutgers, the State University of New JerseyUnited StatesCoursesEnquireAdmissions Support","43,439","11.1","10%","52 : 48"
"=173","KTH Royal Institute of TechnologySwedenCoursesVerify Documents","12,951","16.0","17%","33 : 67"
"=173","University of MünsterGermanyCoursesVerify Documents","42,287","42.6","7%","53 : 47"
"=175","Université Libre de BruxellesBelgiumCoursesVerify Documents","25,343","43.4","35%","55 : 45"
"=175","Newcastle UniversityUnited KingdomCoursesEnquireExplore","20,952","15.6","30%","49 : 51"
"=177","University of LiverpoolUnited KingdomCoursesEnquire","19,815","11.7","35%","54 : 46"
"=177","Zhejiang UniversityChinaCoursesExplore","50,051","14.1","6%","22 : 78"
"=179","University of LuxembourgLuxembourgCourses","4,969","14.6","57%","50 : 50"
"=179","University of TwenteNetherlandsCoursesVerify Documents","6,697","12.8","27%","37 : 63"
"181","Paris-Sud UniversityFranceCourses","27,221","14.5","16%","55 : 45"
"=182","École Normale Supérieure de LyonFranceCourses","2,221","8.5","13%","47 : 53"
"=182","Hong Kong Polytechnic UniversityHong KongCoursesExplore","21,773","26.9","25%","51 : 49"
"184","Scuola Normale Superiore di PisaItalyCourses","515","5.2","7%","30 : 70"
"185","University of AberdeenUnited KingdomCoursesEnquire","12,055","13.9","36%","55 : 45"
"186","University of MiamiUnited StatesCoursesEnquireAdmissions Support","15,860","5.9","16%","51 : 49"
"187","University of DundeeUnited KingdomCoursesEnquire","10,893","14.9","24%","62 : 38"
"=188","University of East AngliaUnited KingdomCoursesExplore","13,521","13.6","30%","60 : 40"
"=188","Shanghai Jiao Tong UniversityChinaCoursesExplore","37,288","12.4","6%","41 : 59"
"190","Aalto UniversityFinlandCourses","12,744","20.2","20%","34 : 66"
"191","University of MassachusettsUnited StatesCoursesEnquire","59,230","13.3","14%","49 : 51"
"192","University of AucklandNew ZealandCoursesExplore","30,348","18.8","29%","54 : 46"
"193","Northeastern UniversityUnited StatesCoursesEnquireAdmissions Support","18,780","14.0","32%","49 : 51"
"194","Lomonosov Moscow State UniversityRussian FederationCourses","29,236","7.3","22%","48 : 52"
"195","Tilburg UniversityNetherlandsCoursesExplore","7,738","22.5","13%","48 : 52"
"196","Paris-Sorbonne University – Paris 4FranceCourses","22,042","30.2","15%","68 : 32"
"197","Royal Holloway, University of LondonUnited KingdomCoursesEnquire","8,931","15.4","40%","59 : 41"
"=198","University of California, RiversideUnited StatesCoursesEnquire","20,740","20.7","14%","51 : 49"
"=198","University of GothenburgSwedenCoursesVerify Documents","18,378","10.0","13%","n/a"
"=198","National Taiwan University (NTU)TaiwanCoursesExplore","31,758","11.5","8%","40 : 60"
"201–250","Aalborg UniversityDenmarkCoursesExplore","15,512","13.6","13%","49 : 51"
"201–250","University of AntwerpBelgiumCoursesVerify Documents","16,056","35.2","16%","53 : 47"
"201–250","University of BarcelonaSpainCoursesExplore","47,458","12.4","10%","61 : 39"
"201–250","University of BergenNorwayCourses","12,554","12.0","13%","60 : 40"
"201–250","University of BolognaItalyCoursesExplore","62,296","22.2","10%","n/a"
"201–250","Brandeis UniversityUnited StatesCoursesEnquireAdmissions Support","5,620","12.9","25%","55 : 45"
"201–250","University of CalgaryCanadaCoursesEnquire","27,084","15.7","19%","n/a"
"201–250","Chalmers University of TechnologySwedenCoursesVerify Documents","9,112","11.4","16%","31 : 69"
"201–250","University of Cincinnati – UptownUnited StatesCoursesEnquire","28,035","20.7","9%","52 : 48"
"201–250","Copenhagen Business SchoolDenmarkCoursesVerify Documents","19,079","44.3","23%","49 : 51"
"201–250","University of DelawareUnited StatesCoursesEnquire","20,125","16.8","10%","57 : 43"
"201–250","University of Duisburg-EssenGermanyCoursesExplore","41,916","53.8","13%","48 : 52"
"201–250","Florida State UniversityUnited StatesCoursesEnquire","38,386","26.3","7%","55 : 45"
"201–250","University of FribourgSwitzerlandCourses","10,769","45.4","18%","58 : 42"
"201–250","George Washington UniversityUnited StatesCoursesEnquire","22,015","12.9","16%","58 : 42"
"201–250","University of HamburgGermanyCoursesExplore","38,182","48.4","12%","56 : 44"
"201–250","University of Hawai’i at MānoaUnited StatesCoursesEnquire","16,256","11.0","13%","56 : 44"
"201–250","Hebrew University of JerusalemIsraelCourses","17,454","11.2","5%","55 : 45"
"201–250","University of IcelandIcelandCourses","8,693","15.3","10%","66 : 34"
"201–250","University of IowaUnited StatesCoursesEnquire","27,310","12.4","13%","52 : 48"
"201–250","James Cook UniversityAustraliaCoursesEnquire","11,867","22.5","12%","62 : 38"
"201–250","University of KielGermanyCoursesVerify Documents","25,392","23.4","8%","53 : 47"
"201–250","King Abdulaziz UniversitySaudi ArabiaCoursesExplore","31,554","8.1","21%","54 : 46"
"201–250","University of KonstanzGermanyCourses","11,381","48.2","12%","54 : 46"
"201–250","Korea UniversitySouth KoreaCoursesExplore","23,037","15.6","19%","46 : 54"
"201–250","National University of Ireland, GalwayIrelandCourses","13,898","26.6","18%","57 : 43"
"201–250","Osaka UniversityJapanCourses","23,256","9.5","10%","31 : 69"
"201–250","University of OtagoNew ZealandCourses","18,157","19.9","20%","57 : 43"
"201–250","University of OttawaCanadaCoursesEnquireExplore","35,177","25.6","17%","59 : 41"
"201–250","Paris Diderot University – Paris 7FranceCourses","27,992","14.9","17%","63 : 37"
"201–250","University of PassauGermanyCourses","11,804","74.8","9%","61 : 39"
"201–250","University of PotsdamGermanyCoursesExplore","20,066","59.1","10%","58 : 42"
"201–250","Queen’s University BelfastUnited KingdomCoursesExplore","17,947","16.6","32%","55 : 45"
"201–250","Queensland University of TechnologyAustraliaCoursesExplore","35,211","37.0","17%","54 : 46"
"201–250","RCSI University of Medicine and Health SciencesIrelandCoursesExplore","2,136","17.6","64%","n/a"
"201–250","University of ReadingUnited KingdomCoursesEnquire","12,874","14.7","33%","56 : 44"
"201–250","Ruhr University BochumGermanyCourses","43,004","61.1","13%","49 : 51"
"201–250","St George’s, University of LondonUnited KingdomCoursesEnquire","3,174","14.9","17%","62 : 38"
"201–250","University of South AustraliaAustraliaCoursesEnquire","17,575","25.8","41%","62 : 38"
"201–250","University of StuttgartGermanyCoursesVerify Documents","26,059","53.2","18%","31 : 69"
"201–250","University of TampereFinlandCourses","9,360","22.2","3%","66 : 34"
"201–250","Technical University of DarmstadtGermanyCourses","17,776","44.5","16%","30 : 70"
"201–250","University of Technology SydneyAustraliaCoursesExplore","25,256","43.6","37%","53 : 47"
"201–250","Tel Aviv UniversityIsraelCourses","22,973","23.1","4%","54 : 46"
"201–250","University of Texas at DallasUnited StatesCoursesExplore","22,967","25.4","25%","43 : 57"
"201–250","Tohoku UniversityJapanCourses","17,494","5.5","10%","26 : 74"
"201–250","Ulsan National Institute of Science and Technology (UNIST)South KoreaCoursesExplore","4,046","14.3","7%","28 : 72"
"201–250","University College DublinIrelandCourses","21,605","23.0","26%","n/a"
"201–250","University of UtahUnited StatesCoursesEnquire","30,040","14.5","10%","45 : 55"
"201–250","Vita-Salute San Raffaele UniversityItalyCourses","2,598","7.1","5%","58 : 42"
"201–250","University of WaterlooCanadaCoursesExplore","32,000","26.1","17%","46 : 54"
"201–250","Western UniversityCanadaCoursesEnquire","28,996","22.0","17%","55 : 45"
"201–250","Yonsei University (Seoul campus)South KoreaCoursesExplore","18,038","14.7","21%","45 : 55"
"251–300","Aix-Marseille UniversityFranceCourses","66,623","16.8","12%","58 : 42"
"251–300","University of BathUnited KingdomCoursesEnquireAdmissions Support","12,513","16.3","32%","45 : 55"
"251–300","University of BayreuthGermanyCoursesVerify Documents","12,917","37.9","8%","45 : 55"
"251–300","Bielefeld UniversityGermanyCourses","23,683","66.8","8%","57 : 43"
"251–300","University of BremenGermanyCoursesVerify Documents","19,040","34.2","11%","50 : 50"
"251–300","University at BuffaloUnited StatesCoursesEnquire","25,247","17.7","18%","45 : 55"
"251–300","Clark UniversityUnited StatesCoursesEnquire","3,316","11.7","26%","60 : 40"
"251–300","University of Colorado Denver/Anschutz Medical CampusUnited StatesCoursesEnquire","15,491","5.0","8%","55 : 45"
"251–300","Colorado School of MinesUnited StatesCoursesEnquire","5,557","17.6","11%","28 : 72"
"251–300","Dalhousie UniversityCanadaCoursesEnquire","15,201","14.9","20%","55 : 45"
"251–300","École des Ponts ParisTechFranceCoursesVerify Documents","1,749","12.3","41%","30 : 70"
"251–300","University of EssexUnited KingdomCoursesEnquire","10,986","16.5","43%","55 : 45"
"251–300","Goethe University FrankfurtGermanyCourses","45,387","13.3","15%","58 : 42"
"251–300","Griffith UniversityAustraliaCoursesExplore","31,772","22.3","19%","56 : 44"
"251–300","University of HohenheimGermanyCoursesVerify Documents","9,557","42.9","13%","56 : 44"
"251–300","University of Illinois at ChicagoUnited StatesCoursesEnquire","25,450","11.4","19%","52 : 48"
"251–300","Indian Institute of ScienceIndiaCourses","3,550","8.4","1%","21 : 79"
"251–300","University of InnsbruckAustriaCourses","14,530","13.1","39%","54 : 46"
"251–300","Johannes Gutenberg University of MainzGermanyCourses","34,219","32.1","10%","59 : 41"
"251–300","Université LavalCanadaCoursesExplore","29,322","16.9","13%","57 : 43"
"251–300","Macquarie UniversityAustraliaCoursesExplore","27,955","31.0","22%","54 : 46"
"251–300","University of MarburgGermanyCourses","26,062","37.4","9%","56 : 44"
"251–300","Medical University of ViennaAustriaCourses","7,209","2.7","28%","50 : 50"
"251–300","Moscow Institute of Physics and Technology (MIPT)Russian FederationCourses","5,761","8.7","12%","20 : 80"
"251–300","University of NewcastleAustraliaCoursesEnquire","22,921","22.0","17%","55 : 45"
"251–300","North Carolina State UniversityUnited StatesCoursesEnquire","30,254","13.1","13%","45 : 55"
"251–300","Norwegian University of Science and TechnologyNorwayCoursesVerify Documents","21,571","16.9","11%","46 : 54"
"251–300","University of OregonUnited StatesCoursesEnquire","23,728","18.6","14%","52 : 48"
"251–300","Oregon Health and Science UniversityUnited StatesCoursesEnquire","2,895","1.0","2%","64 : 36"
"251–300","University of OuluFinlandCoursesExplore","10,287","23.7","6%","50 : 50"
"251–300","Queen’s UniversityCanadaCoursesEnquireExplore","21,227","22.7","12%","57 : 43"
"251–300","University of São PauloBrazilCourses","82,258","14.8","4%","48 : 52"
"251–300","Simon Fraser UniversityCanadaCoursesExplore","26,309","27.6","29%","54 : 46"
"251–300","University of Southern DenmarkDenmarkCourses","25,328","13.5","16%","53 : 47"
"251–300","University of South Florida (Tampa)United StatesCoursesEnquire","33,053","19.6","12%","n/a"
"251–300","Stony Brook UniversityUnited StatesCoursesEnquire","23,136","10.4","24%","49 : 51"
"251–300","University of SurreyUnited KingdomCoursesExplore","11,027","14.3","38%","53 : 47"
"251–300","Swansea UniversityUnited KingdomCoursesEnquire","13,896","16.1","24%","47 : 53"
"251–300","Swedish University of Agricultural SciencesSwedenCoursesVerify Documents","3,812","4.4","4%","69 : 31"
"251–300","Syracuse UniversityUnited StatesCoursesEnquireAdmissions Support","20,180","16.3","19%","54 : 46"
"251–300","Tokyo Institute of TechnologyJapanCourses","9,570","7.3","13%","14 : 86"
"251–300","University of TrentoItalyCourses","17,759","29.4","8%","51 : 49"
"251–300","Umeå UniversitySwedenCourses","16,553","11.7","10%","60 : 40"
"251–300","Wake Forest UniversityUnited StatesCoursesEnquireAdmissions Support","7,579","4.1","6%","51 : 49"
"251–300","William & MaryUnited StatesCoursesEnquireAdmissions Support","8,044","11.8","9%","55 : 45"
"251–300","University of the WitwatersrandSouth AfricaCoursesExplore","25,342","24.6","8%","56 : 44"
"251–300","University of WollongongAustraliaCoursesExplore","16,947","27.0","24%","50 : 50"
"301–350","Aberystwyth UniversityUnited KingdomCoursesEnquire","7,920","18.4","18%","47 : 53"
"301–350","University of Alaska FairbanksUnited StatesCoursesEnquire","3,769","8.3","6%","51 : 49"
"301–350","Anglia Ruskin University ARUUnited KingdomCoursesEnquire","15,197","21.7","25%","62 : 38"
"301–350","Babol Noshirvani University of TechnologyIranCourses","4,749","28.6","0%","32 : 68"
"301–350","Bangor UniversityUnited KingdomCoursesEnquire","9,327","18.4","25%","55 : 45"
"301–350","Birkbeck, University of LondonUnited KingdomCoursesEnquire","9,014","16.8","39%","54 : 46"
"301–350","University of BordeauxFranceCoursesExplore","52,526","21.0","12%","58 : 42"
"301–350","Boston CollegeUnited StatesCoursesEnquireAdmissions Support","12,943","16.1","12%","55 : 45"
"301–350","Brighton and Sussex Medical SchoolUnited KingdomCoursesEnquire","761","12.1","16%","59 : 41"
"301–350","Charles Darwin UniversityAustraliaCoursesEnquire","6,551","22.4","32%","63 : 37"
"301–350","University of ConnecticutUnited StatesCoursesEnquire","26,669","12.7","12%","51 : 49"
"301–350","Deakin UniversityAustraliaCoursesEnquire","36,768","32.9","17%","58 : 42"
"301–350","University of DenverUnited StatesCoursesEnquire","9,671","13.2","11%","56 : 44"
"301–350","University of Eastern FinlandFinlandCourses","11,459","18.3","6%","63 : 37"
"301–350","Flinders UniversityAustraliaCoursesExplore","16,757","23.9","18%","63 : 37"
"301–350","Free University of Bozen-BolzanoItalyCourses","3,304","11.6","12%","33 : 67"
"301–350","George Mason UniversityUnited StatesCoursesEnquire","27,749","17.5","8%","54 : 46"
"301–350","Goldsmiths, University of LondonUnited KingdomCoursesEnquire","7,416","13.9","37%","66 : 34"
"301–350","Grenoble Alpes UniversityFranceCourses","39,298","17.0","15%","57 : 43"
"301–350","University of HoustonUnited StatesCoursesEnquire","41,128","42.9","10%","50 : 50"
"301–350","Iowa State UniversityUnited StatesCoursesEnquire","31,307","18.8","12%","45 : 55"
"301–350","University of KentUnited KingdomCoursesExplore","16,949","12.7","31%","53 : 47"
"301–350","Khalifa UniversityUnited Arab EmiratesCoursesExplore","3,134","8.3","32%","46 : 54"
"301–350","Koç UniversityTurkeyCourses","5,172","14.9","10%","52 : 48"
"301–350","University of LiègeBelgiumCoursesVerify Documents","21,910","27.1","23%","56 : 44"
"301–350","Loughborough UniversityUnited KingdomCoursesEnquire","13,457","14.9","22%","39 : 61"
"301–350","Medical University of GrazAustriaCourses","3,323","6.9","23%","53 : 47"
"301–350","University of MilanItalyCourses","56,805","28.1","5%","59 : 41"
"301–350","Nagoya UniversityJapanCourses","15,594","7.9","10%","29 : 71"
"301–350","National Tsing Hua UniversityTaiwanCourses","10,194","13.8","5%","33 : 67"
"301–350","University of NavarraSpainCoursesVerify Documents","10,827","14.9","19%","53 : 47"
"301–350","University of Nebraska-LincolnUnited StatesCoursesExplore","22,578","16.3","12%","47 : 53"
"301–350","Oregon State UniversityUnited StatesCoursesEnquire","23,668","16.2","10%","47 : 53"
"301–350","Politecnico di MilanoItalyCoursesExplore","33,189","23.8","14%","34 : 66"
"301–350","Rensselaer Polytechnic InstituteUnited StatesCoursesEnquireAdmissions Support","7,240","15.7","17%","32 : 68"
"301–350","Rush UniversityUnited StatesCoursesEnquire","2,437","2.1","3%","73 : 27"
"301–350","Sapienza University of RomeItalyCourses","111,453","32.1","7%","58 : 42"
"301–350","University of StirlingUnited KingdomCourses","8,507","15.1","21%","62 : 38"
"301–350","University of TartuEstoniaCourses","8,835","11.6","5%","66 : 34"
"301–350","University of TasmaniaAustraliaCoursesEnquire","11,346","14.5","22%","60 : 40"
"301–350","Technion Israel Institute of TechnologyIsraelCourses","14,693","21.7","5%","34 : 66"
"301–350","The University of Tennessee-KnoxvilleUnited StatesCoursesEnquire","25,264","16.4","5%","n/a"
"301–350","Tomsk Polytechnic UniversityRussian FederationCourses","9,858","8.2","24%","36 : 64"
"301–350","TU Dortmund UniversityGermanyCourses","32,870","99.6","10%","45 : 55"
"301–350","TU WienAustriaCourses","17,931","36.5","28%","29 : 71"
"301–350","Victoria UniversityAustraliaCoursesEnquire","14,795","31.4","20%","54 : 46"
"301–350","University of VictoriaCanadaCoursesEnquire","18,388","22.8","15%","57 : 43"
"301–350","Virginia Polytechnic Institute and State UniversityUnited StatesCoursesExplore","30,975","18.2","11%","43 : 57"
"301–350","Vrije Universiteit BrusselBelgiumCoursesVerify Documents","12,785","22.2","21%","53 : 47"
"301–350","Washington State UniversityUnited StatesCoursesEnquire","27,135","19.7","7%","52 : 48"
"351–400","The University of AlabamaUnited StatesCoursesEnquire","33,679","22.2","5%","54 : 46"
"351–400","American UniversityUnited StatesCoursesEnquire","11,534","11.7","13%","64 : 36"
"351–400","Aston UniversityUnited KingdomCoursesEnquire","8,989","20.0","31%","49 : 51"
"351–400","Autonomous University of MadridSpainCourses","29,305","13.4","13%","60 : 40"
"351–400","Brunel University LondonUnited KingdomCoursesEnquire","11,359","16.0","41%","46 : 54"
"351–400","University of CanberraAustraliaCoursesExplore","11,438","30.3","28%","52 : 48"
"351–400","University of CanterburyNew ZealandCoursesEnquireExplore","11,931","16.8","21%","50 : 50"
"351–400","City, University of LondonUnited KingdomCoursesEnquire","13,460","17.2","53%","56 : 44"
"351–400","Colorado State University, Fort CollinsUnited StatesCoursesEnquire","23,921","15.9","6%","53 : 47"
"351–400","University of Côte d’AzurFranceCourses","33,839","21.8","23%","55 : 45"
"351–400","University of CreteGreeceCourses","14,522","26.2","4%","62 : 38"
"351–400","Curtin UniversityAustraliaCoursesExplore","31,483","18.5","37%","52 : 48"
"351–400","Cyprus University of TechnologyCyprusCourses","3,072","18.7","8%","57 : 43"
"351–400","Drexel UniversityUnited StatesCoursesEnquire","20,714","10.9","18%","49 : 51"
"351–400","Federal University of Toulouse Midi-PyrénéesFranceCourses","98,538","24.6","17%","53 : 47"
"351–400","University of GeorgiaUnited StatesCoursesEnquire","33,842","16.3","7%","58 : 42"
"351–400","Georgia State UniversityUnited StatesCoursesEnquire","28,593","18.9","6%","69 : 31"
"351–400","Gwangju Institute of Science and TechnologySouth KoreaCourses","1,731","11.5","6%","25 : 75"
"351–400","Hanyang UniversitySouth KoreaCoursesExplore","20,879","14.6","17%","n/a"
"351–400","Heriot-Watt UniversityUnited KingdomCoursesEnquire","9,259","16.4","41%","42 : 58"
"351–400","HSE UniversityRussian FederationCourses","17,241","9.5","7%","n/a"
"351–400","Indian Institute of Technology BombayIndiaCourses","9,870","17.9","1%","17 : 83"
"351–400","Justus Liebig University GiessenGermanyCourses","28,201","47.3","9%","61 : 39"
"351–400","University of KansasUnited StatesCoursesEnquire","24,515","7.2","9%","51 : 49"
"351–400","Kyushu UniversityJapanCourses","18,696","7.6","12%","29 : 71"
"351–400","La Trobe UniversityAustraliaCoursesEnquire","20,343","34.5","26%","63 : 37"
"351–400","Leibniz University HannoverGermanyCourses","25,162","65.3","12%","41 : 59"
"351–400","Linköping UniversitySwedenCoursesVerify Documents","18,740","8.1","11%","53 : 47"
"351–400","University of MacauMacaoCoursesExplore","9,230","14.5","33%","58 : 42"
"351–400","University of MalayaMalaysiaCourses","21,990","10.9","18%","66 : 34"
"351–400","Montpellier UniversityFranceCourses","39,828","19.9","14%","53 : 47"
"351–400","Örebro UniversitySwedenCourses","8,800","16.4","2%","61 : 39"
"351–400","University of PaduaItalyCourses","62,218","30.8","4%","55 : 45"
"351–400","University of PaviaItalyCourses","23,632","37.2","7%","56 : 44"
"351–400","University of PisaItalyCourses","50,810","28.9","4%","52 : 48"
"351–400","Royal Veterinary CollegeUnited KingdomCoursesEnquire","1,856","10.1","18%","75 : 25"
"351–400","Sabancı UniversityTurkeyCoursesExplore","3,247","20.0","9%","41 : 59"
"351–400","University of SalernoItalyCourses","37,230","51.4","1%","60 : 40"
"351–400","University of South Carolina-ColumbiaUnited StatesCoursesEnquire","30,869","18.2","5%","55 : 45"
"351–400","Stellenbosch UniversitySouth AfricaCoursesExplore","23,207","26.1","8%","54 : 46"
"351–400","University of StrasbourgFranceCourses","41,399","16.5","19%","58 : 42"
"351–400","Sun Yat-sen UniversityChinaCoursesExplore","51,089","16.3","9%","51 : 49"
"351–400","Temple UniversityUnited StatesCoursesEnquire","33,958","11.5","8%","52 : 48"
"351–400","University of TriesteItalyCourses","17,054","24.8","8%","56 : 44"
"351–400","Tulane UniversityUnited StatesCoursesEnquireAdmissions Support","11,193","11.0","11%","56 : 44"
"351–400","University of TurkuFinlandCourses","12,263","15.7","5%","62 : 38"
"351–400","University College CorkIrelandCourses","15,890","21.8","17%","56 : 44"
"351–400","University of VermontUnited StatesCoursesEnquire","10,992","8.9","3%","56 : 44"
"351–400","Université de Versailles Saint-Quentin-en-YvelinesFranceCourses","17,323","22.4","14%","59 : 41"
"351–400","University of WaikatoNew ZealandCoursesEnquire","10,019","17.0","27%","56 : 44"
"351–400","Wayne State UniversityUnited StatesCoursesEnquire","22,215","10.8","9%","56 : 44"
"351–400","York UniversityCanadaCoursesExplore","46,146","40.8","23%","58 : 42"
"401–500","Auckland University of TechnologyNew ZealandCoursesExplore","17,861","15.8","42%","59 : 41"
"401–500","University of Bari Aldo MoroItalyCourses","47,856","60.5","2%","63 : 37"
"401–500","Bar-Ilan UniversityIsraelCourses","16,412","17.5","5%","61 : 39"
"401–500","University of BergamoItalyCourses","16,769","55.5","6%","63 : 37"
"401–500","Bilkent UniversityTurkeyCourses","10,007","14.4","5%","45 : 55"
"401–500","SUNY Binghamton UniversityUnited StatesCoursesEnquire","17,238","23.7","15%","48 : 52"
"401–500","Boğaziçi UniversityTurkeyCourses","11,967","26.8","8%","49 : 51"
"401–500","University of BresciaItalyCourses","14,542","26.4","7%","46 : 54"
"401–500","University of CalabriaItalyCourses","28,313","35.1","3%","58 : 42"
"401–500","University of CampinasBrazilCourses","26,811","14.3","4%","47 : 53"
"401–500","CentraleSupélecFranceCourses","4,226","11.6","33%","22 : 78"
"401–500","Charles University in PragueCzech RepublicCourses","50,495","13.1","16%","61 : 39"
"401–500","Chung-Ang UniversitySouth KoreaCourses","11,381","16.1","28%","48 : 52"
"401–500","Claude Bernard University Lyon 1FranceCourses","27,067","13.0","12%","54 : 46"
"401–500","University of CyprusCyprusCoursesExplore","6,989","23.1","9%","68 : 32"
"401–500","Dublin City UniversityIrelandCourses","9,180","25.5","17%","52 : 48"
"401–500","University of FlorenceItalyCourses","53,112","15.7","7%","60 : 40"
"401–500","Florida International UniversityUnited StatesCoursesExplore","32,838","24.4","8%","56 : 44"
"401–500","University of GenoaItalyCourses","35,711","27.1","9%","56 : 44"
"401–500","University of GrazAustriaCourses","21,053","22.9","13%","64 : 36"
"401–500","Graz University of TechnologyAustriaCourses","6,395","10.2","17%","23 : 77"
"401–500","University of GreifswaldGermanyCourses","10,857","20.8","6%","56 : 44"
"401–500","Hamburg University of TechnologyGermanyCourses","7,391","55.1","19%","26 : 74"
"401–500","Hasselt UniversityBelgiumCourses","5,045","19.0","12%","47 : 53"
"401–500","Hofstra UniversityUnited StatesCoursesExplore","10,001","13.9","10%","56 : 44"
"401–500","Hokkaido UniversityJapanCourses","18,038","8.0","9%","30 : 70"
"401–500","Hong Kong Baptist UniversityHong KongCoursesExplore","11,467","11.4","30%","61 : 39"
"401–500","Huazhong University of Science and TechnologyChinaCoursesExplore","56,140","16.7","5%","35 : 65"
"401–500","University of HullUnited KingdomCoursesEnquire","13,482","16.6","19%","53 : 47"
"401–500","Jordan University of Science and TechnologyJordanCourses","23,103","12.6","20%","57 : 43"
"401–500","University of JyväskyläFinlandCourses","10,020","15.8","5%","61 : 39"
"401–500","University of KaiserslauternGermanyCoursesVerify Documents","14,493","52.5","16%","37 : 63"
"401–500","Kazan Federal UniversityRussian FederationCourses","25,916","10.8","9%","67 : 33"
"401–500","University of KwaZulu-NatalSouth AfricaCoursesExplore","32,023","25.3","5%","59 : 41"
"401–500","Kyung Hee UniversitySouth KoreaCoursesExplore","23,512","17.2","18%","44 : 56"
"401–500","University of LilleFranceCourses","67,978","28.1","12%","56 : 44"
"401–500","Louisiana State UniversityUnited StatesCoursesEnquire","29,533","20.5","6%","52 : 48"
"401–500","Makerere UniversityUgandaCourses","36,688","28.8","8%","52 : 48"
"401–500","University of ManitobaCanadaCoursesEnquire","29,017","28.0","15%","54 : 46"
"401–500","Marche Polytechnic UniversityItalyCourses","16,931","24.0","4%","45 : 55"
"401–500","University of Maryland, Baltimore CountyUnited StatesCoursesEnquire","11,781","18.8","8%","46 : 54"
"401–500","Massey UniversityNew ZealandCoursesEnquire","18,688","15.7","29%","62 : 38"
"401–500","Maynooth UniversityIrelandCourses","8,361","30.6","12%","55 : 45"
"401–500","Middlesex UniversityUnited KingdomCoursesEnquire","14,756","18.0","46%","60 : 40"
"401–500","University of Milan-BicoccaItalyCourses","34,245","48.4","7%","61 : 39"
"401–500","Mizzou - University of MissouriUnited StatesCoursesEnquire","30,535","11.5","6%","53 : 47"
"401–500","University of Modena and Reggio EmiliaItalyCourses","20,737","27.8","6%","53 : 47"
"401–500","University of MontanaUnited StatesCoursesEnquire","9,573","16.6","3%","56 : 44"
"401–500","Murdoch UniversityAustraliaCoursesExplore","15,526","30.7","48%","58 : 42"
"401–500","University of Naples Federico IIItalyCourses","81,056","55.9","0%","56 : 44"
"401–500","National Chiao Tung UniversityTaiwanCourses","12,639","17.7","7%","28 : 72"
"401–500","National Research Nuclear University MEPhIRussian FederationCourses","7,064","7.6","15%","31 : 69"
"401–500","National Taiwan University of Science and Technology (Taiwan Tech)TaiwanCoursesExplore","7,981","18.7","13%","32 : 68"
"401–500","University of Nebraska Medical CenterUnited StatesCoursesEnquire","2,856","2.4","9%","67 : 33"
"401–500","University of NeuchâtelSwitzerlandCourses","4,216","8.8","23%","60 : 40"
"401–500","Northern Arizona UniversityUnited StatesCoursesEnquire","27,227","26.8","5%","58 : 42"
"401–500","Norwegian University of Life SciencesNorwayCourses","5,723","7.1","22%","58 : 42"
"401–500","Novosibirsk State UniversityRussian FederationCourses","7,242","6.5","18%","51 : 49"
"401–500","University of OklahomaUnited StatesCoursesEnquire","27,333","10.6","7%","51 : 49"
"401–500","The Open UniversityUnited KingdomCoursesEnquire","67,357","33.0","8%","61 : 39"
"401–500","Oxford Brookes UniversityUnited KingdomCoursesEnquire","13,256","17.9","28%","58 : 42"
"401–500","University of ParmaItalyCourses","24,307","27.6","6%","56 : 44"
"401–500","University of PlymouthUnited KingdomCoursesEnquire","18,336","18.0","15%","52 : 48"
"401–500","Universitat Politècnica de CatalunyaSpainCourses","21,581","9.8","12%","27 : 73"
"401–500","Polytechnic University of TurinItalyCourses","30,903","29.7","14%","28 : 72"
"401–500","Qatar UniversityQatarCourses","13,342","17.6","42%","73 : 27"
"401–500","Quaid-i-Azam UniversityPakistanCourses","13,559","26.6","0%","57 : 43"
"401–500","Reykjavík UniversityIcelandCourses","3,206","29.4","6%","59 : 41"
"401–500","RMIT UniversityAustraliaCoursesEnquire","31,465","17.2","25%","47 : 53"
"401–500","University of Rome II – Tor VergataItalyCourses","32,325","17.9","6%","51 : 49"
"401–500","University of Rome IIIItalyCourses","34,492","56.2","4%","59 : 41"
"401–500","Roskilde UniversityDenmarkCourses","6,034","14.5","9%","62 : 38"
"401–500","Rovira i Virgili UniversitySpainCourses","12,604","12.6","10%","59 : 41"
"401–500","University of St GallenSwitzerlandCourses","7,456","13.1","35%","33 : 67"
"401–500","Saint Louis UniversityUnited StatesCoursesEnquire","10,976","6.8","7%","59 : 41"
"401–500","Saint Petersburg State UniversityRussian FederationCourses","21,433","5.8","10%","65 : 35"
"401–500","San Diego State UniversityUnited StatesCoursesEnquire","29,136","30.7","7%","56 : 44"
"401–500","University of SaskatchewanCanadaCoursesEnquireExplore","16,712","16.3","17%","56 : 44"
"401–500","Sciences PoFranceCourses","9,679","38.1","45%","59 : 41"
"401–500","Semmelweis UniversityHungaryCoursesExplore","10,880","10.7","31%","68 : 32"
"401–500","University of SiegenGermanyCourses","19,339","49.2","11%","49 : 51"
"401–500","University of SienaItalyCourses","17,928","14.0","6%","59 : 41"
"401–500","SOAS University of LondonUnited KingdomCoursesExplore","4,854","11.5","56%","64 : 36"
"401–500","Southern Cross UniversityAustraliaCoursesEnquire","8,298","32.4","18%","65 : 35"
"401–500","University of StrathclydeUnited KingdomCoursesEnquire","17,496","21.5","27%","49 : 51"
"401–500","Swinburne University of TechnologyAustraliaCoursesEnquire","13,269","24.7","25%","39 : 61"
"401–500","The University of Texas at San AntonioUnited StatesCoursesEnquire","25,945","25.8","6%","49 : 51"
"401–500","Tokyo Medical and Dental University (TMDU)JapanCourses","2,906","3.2","7%","50 : 50"
"401–500","Tongji UniversityChinaCourses","35,810","12.9","11%","39 : 61"
"401–500","University of TsukubaJapanCourses","16,514","13.0","19%","39 : 61"
"401–500","The University of TulsaUnited StatesCoursesEnquire","4,671","12.4","25%","43 : 57"
"401–500","University of TurinItalyCourses","59,116","31.4","7%","n/a"
"401–500","UiT The Arctic University of NorwayNorwayCourses","12,601","12.1","12%","61 : 39"
"401–500","University of Urbino Carlo BoItalyCourses","11,658","28.6","9%","59 : 41"
"401–500","Verona UniversityItalyCourses","24,582","20.6","6%","64 : 36"
"401–500","Victoria University of WellingtonNew ZealandCoursesEnquire","17,086","19.8","20%","56 : 44"
"401–500","Western Sydney UniversityAustraliaCoursesExplore","32,744","34.0","13%","55 : 45"
"401–500","University of Wisconsin-MilwaukeeUnited StatesCoursesEnquire","21,928","18.7","6%","52 : 48"
"401–500","Wuhan UniversityChinaCoursesExplore","50,178","14.3","7%","n/a"
"401–500","Xiamen UniversityChinaCourses","41,430","15.0","4%","49 : 51"
"501–600","Alfaisal UniversitySaudi ArabiaCoursesExplore","1,891","14.5","34%","56 : 44"
"501–600","American University of BeirutLebanonCourses","8,045","8.6","22%","51 : 49"
"501–600","Aristotle University of ThessalonikiGreeceCourses","45,709","24.7","4%","57 : 43"
"501–600","University of ArkansasUnited StatesCoursesEnquire","24,140","20.4","6%","52 : 48"
"501–600","Athens University of Economics and BusinessGreeceCourses","9,674","42.2","7%","46 : 54"
"501–600","Australian Catholic UniversityAustraliaCoursesEnquire","21,846","30.7","9%","73 : 27"
"501–600","University of AveiroPortugalCourses","10,105","17.1","10%","52 : 48"
"501–600","Blaise Pascal UniversityFranceCourses","15,538","15.2","13%","55 : 45"
"501–600","Bond UniversityAustraliaCoursesEnquire","3,215","13.9","39%","52 : 48"
"501–600","Université Bourgogne Franche-Comté (UBFC)FranceCourses","56,702","28.9","11%","53 : 47"
"501–600","Ca’ Foscari University of VeniceItalyCourses","19,353","40.7","8%","64 : 36"
"501–600","Carleton UniversityCanadaCoursesEnquire","25,973","30.1","20%","47 : 53"
"501–600","University of CataniaItalyCourses","35,168","22.8","1%","59 : 41"
"501–600","Catholic University of the Sacred HeartItalyCourses","32,844","11.4","8%","n/a"
"501–600","Central China Normal UniversityChinaCourses","36,706","23.1","7%","65 : 35"
"501–600","Central Queensland UniversityAustraliaCoursesExplore","13,048","27.8","29%","56 : 44"
"501–600","China Medical University, TaiwanTaiwanCoursesExplore","7,752","17.1","10%","53 : 47"
"501–600","University of CoimbraPortugalCourses","21,928","17.0","16%","57 : 43"
"501–600","Complutense University of MadridSpainCoursesVerify Documents","62,392","20.1","13%","62 : 38"
"501–600","Concordia UniversityCanadaCoursesEnquire","32,331","31.1","28%","50 : 50"
"501–600","Creighton UniversityUnited StatesCoursesEnquire","8,213","11.3","9%","58 : 42"
"501–600","Diego Portales UniversityChileCourses","16,348","14.4","2%","48 : 52"
"501–600","East China Normal UniversityChinaCoursesExplore","27,189","12.6","13%","62 : 38"
"501–600","Edith Cowan UniversityAustraliaCoursesExplore","16,315","35.5","23%","61 : 39"
"501–600","Ewha Womans UniversitySouth KoreaCourses","15,044","14.4","11%","100 : 0"
"501–600","Universidade Federal de São Paulo (UNIFESP)BrazilCourses","14,475","9.3","1%","55 : 45"
"501–600","Federico Santa María Technical UniversityChileCoursesExplore","19,265","30.3","2%","23 : 77"
"501–600","University of FerraraItalyCourses","13,902","8.3","7%","56 : 44"
"501–600","Fujita Health UniversityJapanCoursesExplore","2,810","3.1","0%","55 : 45"
"501–600","University of GranadaSpainCoursesVerify Documents","59,539","17.6","14%","58 : 42"
"501–600","Harbin Institute of TechnologyChinaCourses","29,395","10.0","9%","31 : 69"
"501–600","University of HertfordshireUnited KingdomCoursesEnquire","17,330","17.3","28%","54 : 46"
"501–600","Indian Institute of Technology DelhiIndiaCourses","7,284","13.3","1%","20 : 80"
"501–600","Indian Institute of Technology KanpurIndiaCourses","6,472","15.2","1%","14 : 86"
"501–600","Indian Institute of Technology KharagpurIndiaCourses","11,016","18.0","0%","16 : 84"
"501–600","Indian Institute of Technology RoorkeeIndiaCourses","8,240","14.1","1%","16 : 84"
"501–600","University of IoanninaGreeceCourses","21,672","41.6","4%","57 : 43"
"501–600","ITMO UniversityRussian FederationCourses","10,582","9.5","13%","37 : 63"
"501–600","Johannes Kepler University of LinzAustriaCourses","6,449","11.0","10%","52 : 48"
"501–600","Keele UniversityUnited KingdomCoursesEnquire","7,986","13.9","23%","57 : 43"
"501–600","Kent State UniversityUnited StatesCoursesEnquire","23,647","18.6","9%","59 : 41"
"501–600","King Fahd University of Petroleum and MineralsSaudi ArabiaCourses","6,471","6.1","20%","0 : 100"
"501–600","King Saud UniversitySaudi ArabiaCourses","34,489","9.3","10%","n/a"
"501–600","Konkuk UniversitySouth KoreaCourses","15,229","28.0","12%","55 : 45"
"501–600","Lappeenranta-Lahti University of Technology LUTFinlandCoursesExplore","3,622","23.4","19%","30 : 70"
"501–600","Lehigh UniversityUnited StatesCoursesEnquireAdmissions Support","6,476","11.4","16%","45 : 55"
"501–600","University of LimerickIrelandCourses","13,302","20.3","18%","48 : 52"
"501–600","Lincoln UniversityNew ZealandCoursesEnquire","2,455","4.3","34%","48 : 52"
"501–600","University of LisbonPortugalCourses","49,682","18.6","10%","50 : 50"
"501–600","Liverpool John Moores UniversityUnited KingdomCoursesEnquire","18,268","18.2","13%","54 : 46"
"501–600","University of LorraineFranceCourses","55,606","18.4","15%","52 : 48"
"501–600","Mahidol UniversityThailandCoursesExplore","28,996","10.5","3%","63 : 37"
"501–600","Masaryk UniversityCzech RepublicCourses","34,756","22.4","20%","62 : 38"
"501–600","Memorial University of NewfoundlandCanadaCoursesExplore","15,116","12.9","15%","57 : 43"
"501–600","Missouri University of Science and TechnologyUnited StatesCoursesEnquire","8,146","23.7","17%","23 : 77"
"501–600","Montana State UniversityUnited StatesCoursesEnquire","14,023","18.8","4%","46 : 54"
"501–600","University of NantesFranceCourses","37,231","24.7","10%","56 : 44"
"501–600","National and Kapodistrian University of AthensGreeceCourses","60,850","32.9","9%","60 : 40"
"501–600","National Cheng Kung University (NCKU)TaiwanCoursesExplore","21,337","14.4","11%","36 : 64"
"501–600","National Taiwan Normal UniversityTaiwanCoursesExplore","10,718","12.9","26%","56 : 44"
"501–600","New Jersey Institute of TechnologyUnited StatesCoursesEnquire","11,423","21.1","18%","24 : 76"
"501–600","Northumbria UniversityUnited KingdomCoursesEnquire","22,176","17.8","16%","54 : 46"
"501–600","NOVA University of LisbonPortugalCourses","19,495","19.1","14%","49 : 51"
"501–600","Oklahoma State UniversityUnited StatesCoursesEnquire","21,677","22.1","6%","49 : 51"
"501–600","University of PalermoItalyCourses","43,249","27.8","1%","59 : 41"
"501–600","Panthéon-Sorbonne University – Paris 1FranceCourses","40,270","33.4","21%","60 : 40"
"501–600","Polytechnic University of ValenciaSpainCourses","23,471","10.0","11%","37 : 63"
"501–600","Pontifical Catholic University of ChileChileCourses","27,065","15.4","7%","n/a"
"501–600","Pontifical Javeriana UniversityColombiaCourses","28,108","17.0","1%","56 : 44"
"501–600","University of PortoPortugalCourses","31,743","18.8","11%","54 : 46"
"501–600","University of PortsmouthUnited KingdomCoursesEnquire","19,096","15.6","27%","45 : 55"
"501–600","Université du QuébecCanadaCoursesEnquire","54,033","20.1","10%","57 : 43"
"501–600","Renmin University of ChinaChinaCourses","25,183","12.0","6%","n/a"
"501–600","University of SalentoItalyCourses","19,025","37.8","1%","63 : 37"
"501–600","University of SassariItalyCourses","12,194","19.6","1%","64 : 36"
"501–600","Sejong UniversitySouth KoreaCourses","11,884","16.3","6%","46 : 54"
"501–600","Shandong UniversityChinaCourses","45,900","14.8","5%","n/a"
"501–600","Université de SherbrookeCanadaCoursesEnquire","14,373","12.3","8%","57 : 43"
"501–600","Soochow UniversityChinaCoursesExplore","45,109","16.0","5%","54 : 46"
"501–600","South China University of TechnologyChinaCourses","42,076","16.3","2%","35 : 65"
"501–600","University of South DakotaUnited StatesCoursesEnquire","15,624","31.8","3%","61 : 39"
"501–600","Southeast UniversityChinaCourses","32,464","11.7","5%","n/a"
"501–600","University of SplitCroatiaCourses","20,817","30.7","1%","n/a"
"501–600","Stevens Institute of TechnologyUnited StatesCoursesEnquire","5,636","16.2","35%","29 : 71"
"501–600","University of the Sunshine CoastAustraliaCoursesExplore","8,202","28.3","16%","64 : 36"
"501–600","Tampere University of TechnologyFinlandCourses","5,490","19.6","8%","23 : 77"
"501–600","University of Texas at ArlingtonUnited StatesCoursesEnquire","26,325","25.3","14%","56 : 44"
"501–600","Texas Tech UniversityUnited StatesCoursesEnquire","32,486","22.2","9%","46 : 54"
"501–600","Tianjin UniversityChinaCourses","30,513","12.0","1%","n/a"
"501–600","Tokyo Metropolitan UniversityJapanCourses","9,263","10.0","4%","36 : 64"
"501–600","University of ToledoUnited StatesCoursesEnquire","18,525","15.9","10%","50 : 50"
"501–600","Tomsk State UniversityRussian FederationCourses","8,022","8.3","22%","n/a"
"501–600","Universiti Tunku Abdul Rahman (UTAR)MalaysiaCoursesExplore","18,642","16.9","1%","52 : 48"
"501–600","University of UlsanSouth KoreaCourses","13,689","12.6","3%","45 : 55"
"501–600","Ulster UniversityUnited KingdomCoursesEnquire","18,550","14.9","8%","55 : 45"
"501–600","United Arab Emirates UniversityUnited Arab EmiratesCoursesExplore","7,492","9.2","26%","79 : 21"
"501–600","University of ValenciaSpainCourses","48,725","14.9","9%","60 : 40"
"501–600","University of WarsawPolandCourses","50,026","14.1","9%","66 : 34"
"501–600","University of the West of ScotlandUnited KingdomCoursesEnquire","11,160","20.0","13%","61 : 39"
"501–600","Xi’an Jiaotong UniversityChinaCourses","32,199","10.7","4%","35 : 65"
"601–800","University of the AegeanGreeceCourses","12,264","37.9","1%","59 : 41"
"601–800","AGH University of Science and TechnologyPolandCourses","32,930","14.9","2%","34 : 66"
"601–800","The University of AizuJapanCoursesExplore","1,228","11.5","3%","13 : 87"
"601–800","University of AlcaláSpainCourses","18,023","13.1","21%","55 : 45"
"601–800","University of AlgarvePortugalCourses","7,643","12.2","11%","57 : 43"
"601–800","Aligarh Muslim UniversityIndiaCourses","17,732","14.6","2%","36 : 64"
"601–800","American University in CairoEgyptCourses","6,093","12.4","5%","54 : 46"
"601–800","American University of SharjahUnited Arab EmiratesCourses","5,778","15.0","84%","49 : 51"
"601–800","Amirkabir University of TechnologyIranCourses","12,815","23.3","1%","34 : 66"
"601–800","University of the Andes, ColombiaColombiaCourses","16,664","15.3","2%","44 : 56"
"601–800","Atılım UniversityTurkeyCoursesExplore","7,100","16.1","5%","43 : 57"
"601–800","Auburn UniversityUnited StatesCoursesEnquire","23,186","18.2","5%","50 : 50"
"601–800","Babeş-Bolyai UniversityRomaniaCourses","37,961","24.3","2%","60 : 40"
"601–800","Banaras Hindu UniversityIndiaCourses","24,399","18.8","2%","36 : 64"
"601–800","University of the Basque CountrySpainCourses","44,028","14.8","6%","52 : 48"
"601–800","Baylor UniversityUnited StatesCoursesEnquire","16,736","17.0","5%","57 : 43"
"601–800","University of BedfordshireUnited KingdomCoursesEnquire","11,366","18.9","32%","59 : 41"
"601–800","Beihang UniversityChinaCourses","28,884","14.4","6%","n/a"
"601–800","Beijing Institute of TechnologyChinaCourses","28,174","12.6","7%","34 : 66"
"601–800","University of Beira InteriorPortugalCourses","6,925","16.0","8%","52 : 48"
"601–800","Ben-Gurion University of the NegevIsraelCourses","16,568","20.4","3%","51 : 49"
"601–800","Beni-Suef UniversityEgyptCourses","69,962","32.5","1%","43 : 57"
"601–800","Bournemouth UniversityUnited KingdomCoursesEnquire","12,299","17.4","19%","56 : 44"
"601–800","University of BradfordUnited KingdomCoursesEnquire","9,636","17.0","30%","55 : 45"
"601–800","University of BrightonUnited KingdomCoursesEnquire","16,666","17.5","22%","57 : 43"
"601–800","University of CagliariItalyCourses","29,645","32.6","2%","60 : 40"
"601–800","Capital Medical UniversityChinaCourses","12,488","6.9","4%","69 : 31"
"601–800","Carlos III University of MadridSpainCoursesExplore","16,429","11.1","14%","43 : 57"
"601–800","University of Central LancashireUnited KingdomCoursesEnquire","16,500","15.5","18%","57 : 43"
"601–800","Central South UniversityChinaCoursesExplore","55,707","17.1","1%","40 : 60"
"601–800","Chang Gung UniversityTaiwanCourses","7,540","12.5","2%","43 : 57"
"601–800","University of Chemistry and Technology, PragueCzech RepublicCourses","4,210","10.0","20%","62 : 38"
"601–800","Chiba UniversityJapanCourses","14,002","10.1","5%","37 : 63"
"601–800","University of ChileChileCourses","38,848","17.2","5%","47 : 53"
"601–800","China Agricultural UniversityChinaCourses","18,725","11.3","2%","58 : 42"
"601–800","China University of Geosciences, BeijingChinaCourses","17,840","17.5","1%","33 : 67"
"601–800","China University of Geosciences, WuhanChinaCourses","30,585","20.3","3%","n/a"
"601–800","Chonnam National UniversitySouth KoreaCoursesExplore","23,984","13.8","3%","48 : 52"
"601–800","Chulalongkorn UniversityThailandCoursesExplore","38,734","14.8","3%","59 : 41"
"601–800","Comenius University in BratislavaSlovakiaCourses","22,857","11.1","11%","66 : 34"
"601–800","COMSATS University IslamabadPakistanCourses","30,126","10.4","0%","24 : 76"
"601–800","Coventry UniversityUnited KingdomCoursesExplore","22,737","14.3","45%","48 : 52"
"601–800","Czech Technical University in PragueCzech RepublicCourses","21,266","13.2","16%","30 : 70"
"601–800","Dalian University of TechnologyChinaCourses","38,678","16.6","2%","35 : 65"
"601–800","University of DaytonUnited StatesCoursesEnquire","10,502","15.2","15%","48 : 52"
"601–800","University of DelhiIndiaCourses","22,107","23.1","1%","49 : 51"
"601–800","De Montfort UniversityUnited KingdomCoursesEnquire","15,880","18.8","25%","58 : 42"
"601–800","Dublin Institute of TechnologyIrelandCourses","14,544","19.5","26%","41 : 59"
"601–800","East China University of Science and TechnologyChinaCourses","24,207","17.4","6%","41 : 59"
"601–800","Eastern Mediterranean UniversityNorthern CyprusCoursesExplore","19,069","32.5","84%","37 : 63"
"601–800","University of East LondonUnited KingdomCoursesEnquire","11,857","20.2","33%","61 : 39"
"601–800","École Centrale de LyonFranceCourses","1,871","15.2","22%","25 : 75"
"601–800","École normale supérieure Paris-SaclayFranceCourses","1,631","10.5","15%","30 : 70"
"601–800","Edinburgh Napier UniversityUnited KingdomCourses","10,953","20.3","32%","56 : 44"
"601–800","Embry-Riddle Aeronautical UniversityUnited StatesCoursesEnquire","15,514","15.3","11%","17 : 83"
"601–800","Eötvös Loránd UniversityHungaryCoursesExplore","23,558","14.8","7%","63 : 37"
"601–800","Universidade Federal do ABC (UFABC)BrazilCourses","12,467","20.3","1%","31 : 69"
"601–800","Federal University of ItajubáBrazilCourses","7,559","15.3","1%","29 : 71"
"601–800","Federal University of Minas GeraisBrazilCourses","45,138","14.5","2%","53 : 47"
"601–800","Federal University of Rio de JaneiroBrazilCourses","54,989","14.0","2%","54 : 46"
"601–800","Universidade Federal do Rio Grande do SulBrazilCourses","39,588","14.4","1%","47 : 53"
"601–800","Florida Atlantic UniversityUnited StatesCoursesEnquire","17,330","15.8","10%","59 : 41"
"601–800","Florida Institute of TechnologyUnited StatesCoursesEnquire","5,343","14.6","35%","33 : 67"
"601–800","Fuzhou UniversityChinaCourses","35,901","17.7","1%","42 : 58"
"601–800","Gebze Technical UniversityTurkeyCourses","5,781","23.1","2%","34 : 66"
"601–800","Glasgow Caledonian UniversityUnited KingdomCoursesEnquire","13,826","21.9","19%","59 : 41"
"601–800","University of GreenwichUnited KingdomCoursesEnquire","14,678","18.7","35%","55 : 45"
"601–800","Hacettepe UniversityTurkeyCourses","39,181","18.3","5%","57 : 43"
"601–800","University of HaifaIsraelCourses","17,917","30.7","2%","66 : 34"
"601–800","Hiroshima UniversityJapanCourses","14,769","8.3","6%","36 : 64"
"601–800","Huazhong Agricultural UniversityChinaCourses","25,619","17.6","1%","53 : 47"
"601–800","University of HuddersfieldUnited KingdomCoursesEnquire","15,154","22.5","26%","56 : 44"
"601–800","Hunan UniversityChinaCourses","42,004","22.2","2%","45 : 55"
"601–800","Indian Institute of Technology GuwahatiIndiaCourses","5,419","13.4","1%","15 : 85"
"601–800","Indian Institute of Technology (Indian School of Mines) DhanbadIndiaCourses","6,692","24.6","1%","15 : 85"
"601–800","Indian Institute of Technology MadrasIndiaCourses","9,033","14.9","0%","19 : 81"
"601–800","Inha UniversitySouth KoreaCourses","19,921","23.8","3%","38 : 62"
"601–800","Iran University of Science and TechnologyIranCourses","13,206","31.7","0%","30 : 70"
"601–800","ISCTE-University Institute of LisbonPortugalCourses","8,699","22.8","12%","50 : 50"
"601–800","Isfahan University of TechnologyIranCourses","9,323","19.8","1%","42 : 58"
"601–800","Istanbul Technical UniversityTurkeyCourses","36,061","16.9","4%","34 : 66"
"601–800","Jadavpur UniversityIndiaCourses","11,011","17.6","0%","31 : 69"
"601–800","University of JaénSpainCourses","16,894","20.5","8%","55 : 45"
"601–800","Jagiellonian UniversityPolandCourses","42,594","11.8","6%","67 : 33"
"601–800","Jeonbuk National UniversitySouth KoreaCoursesExplore","23,728","20.7","3%","44 : 56"
"601–800","University of JohannesburgSouth AfricaCoursesExplore","28,122","27.4","7%","55 : 45"
"601–800","Juntendo UniversityJapanCourses","4,246","3.7","1%","52 : 48"
"601–800","Kagawa UniversityJapanCourses","6,453","9.6","2%","41 : 59"
"601–800","Kanazawa UniversityJapanCourses","10,464","10.4","5%","36 : 64"
"601–800","Kansas State UniversityUnited StatesCoursesEnquire","22,017","14.7","11%","50 : 50"
"601–800","Kaohsiung Medical UniversityTaiwanCourses","6,894","12.2","6%","56 : 44"
"601–800","Universiti Kebangsaan MalaysiaMalaysiaCourses","19,353","11.8","12%","70 : 30"
"601–800","Keio UniversityJapanCourses","34,689","11.1","7%","34 : 66"
"601–800","King Mongkut’s University of Technology ThonburiThailandCourses","16,413","22.0","1%","46 : 54"
"601–800","Kingston UniversityUnited KingdomCoursesEnquire","17,342","21.5","36%","55 : 45"
"601–800","K.N. Toosi University of TechnologyIranCourses","7,079","23.0","0%","33 : 67"
"601–800","Kobe UniversityJapanCourses","15,751","7.8","7%","34 : 66"
"601–800","Kochi UniversityJapanCourses","5,584","8.4","1%","46 : 54"
"601–800","Kumamoto UniversityJapanCourses","10,214","7.8","6%","37 : 63"
"601–800","Kuwait UniversityKuwaitCourses","37,752","24.0","13%","72 : 28"
"601–800","Kyungpook National UniversitySouth KoreaCoursesExplore","27,162","18.2","4%","42 : 58"
"601–800","University of La LagunaSpainCourses","20,248","14.0","4%","57 : 43"
"601–800","Leeds Beckett UniversityUnited KingdomCoursesEnquire","20,122","20.8","14%","50 : 50"
"601–800","University of LincolnUnited KingdomCourses","10,874","16.0","16%","56 : 44"
"601–800","University of LjubljanaSloveniaCourses","42,922","15.8","4%","60 : 40"
"601–800","Manchester Metropolitan UniversityUnited KingdomCoursesEnquire","26,686","15.3","15%","58 : 42"
"601–800","University of MariborSloveniaCourses","13,197","15.4","4%","54 : 46"
"601–800","Marquette UniversityUnited StatesCoursesEnquire","10,664","12.4","5%","52 : 48"
"601–800","Middle East Technical UniversityTurkeyCourses","26,739","26.3","7%","44 : 56"
"601–800","University of MinhoPortugalCourses","18,257","18.4","10%","54 : 46"
"601–800","Mississippi State UniversityUnited StatesCoursesEnquire","38,420","28.6","4%","50 : 50"
"601–800","Monterrey Institute of TechnologyMexicoCoursesExplore","14,003","17.2","13%","40 : 60"
"601–800","University of MurciaSpainCoursesExplore","30,623","15.3","6%","61 : 39"
"601–800","Nagoya City UniversityJapanCourses","4,317","8.0","3%","52 : 48"
"601–800","Nanjing Agricultural UniversityChinaCourses","26,301","16.1","1%","56 : 44"
"601–800","Nanjing Medical UniversityChinaCourses","12,783","9.1","5%","n/a"
"601–800","Nanjing Normal UniversityChinaCourses","26,714","14.6","3%","68 : 32"
"601–800","Nanjing Tech UniversityChinaCourses","30,098","17.9","1%","n/a"
"601–800","National Autonomous University of MexicoMexicoCourses","145,024","12.1","6%","51 : 49"
"601–800","National Central UniversityTaiwanCourses","10,859","9.5","10%","34 : 66"
"601–800","National Chengchi UniversityTaiwanCourses","15,555","16.9","13%","59 : 41"
"601–800","National Institute of Applied Sciences of Lyon (INSA Lyon)FranceCourses","6,029","8.5","30%","32 : 68"
"601–800","National Institute of Technology RourkelaIndiaCourses","5,746","19.1","4%","25 : 75"
"601–800","National University of Science and Technology (MISiS)Russian FederationCourses","7,236","9.2","24%","41 : 59"
"601–800","National University of Sciences and TechnologyPakistanCourses","10,373","8.0","3%","33 : 67"
"601–800","National Sun Yat-Sen UniversityTaiwanCourses","9,013","15.7","5%","37 : 63"
"601–800","National Yang-Ming UniversityTaiwanCourses","4,255","5.0","2%","48 : 52"
"601–800","New Mexico State University (Main campus)United StatesCoursesEnquire","13,670","16.7","8%","53 : 47"
"601–800","University of North Carolina at GreensboroUnited StatesCoursesEnquire","17,774","23.9","3%","66 : 34"
"601–800","Northeast Normal UniversityChinaCourses","24,802","15.6","1%","64 : 36"
"601–800","University of Northern British Columbia (UNBC)CanadaCoursesEnquire","2,752","11.4","10%","60 : 40"
"601–800","Northwestern Polytechnical UniversityChinaCoursesExplore","26,904","14.2","3%","26 : 74"
"601–800","Nottingham Trent UniversityUnited KingdomCoursesEnquire","23,045","16.9","18%","56 : 44"
"601–800","Okayama UniversityJapanCourses","13,115","7.9","4%","38 : 62"
"601–800","Old Dominion UniversityUnited StatesCoursesEnquire","19,148","19.7","3%","54 : 46"
"601–800","Osaka City UniversityJapanCourses","8,386","9.1","4%","36 : 64"
"601–800","Otto von Guericke University of MagdeburgGermanyCourses","14,248","12.2","14%","42 : 58"
"601–800","University of OviedoSpainCourses","23,806","13.4","2%","47 : 53"
"601–800","Palacký University OlomoucCzech RepublicCourses","18,332","11.4","10%","69 : 31"
"601–800","Panjab UniversityIndiaCourses","17,046","22.6","1%","46 : 54"
"601–800","University of PatrasGreeceCourses","24,989","33.9","5%","49 : 51"
"601–800","University of PécsHungaryCoursesExplore","16,396","12.6","17%","57 : 43"
"601–800","Peter the Great St Petersburg Polytechnic UniversityRussian FederationCoursesExplore","16,775","6.8","20%","43 : 57"
"601–800","University of the PhilippinesPhilippinesCourses","51,086","11.2","1%","61 : 39"
"601–800","Pontifical Catholic University of PeruPeruCourses","27,013","17.0","3%","48 : 52"
"601–800","Pontifical Catholic University of Rio de Janeiro (PUC-Rio)BrazilCourses","15,638","22.0","3%","51 : 49"
"601–800","Portland State UniversityUnited StatesCoursesEnquire","21,207","15.9","9%","54 : 46"
"601–800","University of PretoriaSouth AfricaCoursesExplore","36,005","24.1","8%","56 : 44"
"601–800","Pusan National UniversitySouth KoreaCoursesExplore","25,464","19.7","11%","46 : 54"
"601–800","Universiti Putra MalaysiaMalaysiaCourses","25,929","12.9","18%","44 : 56"
"601–800","University of ReginaCanadaCoursesExplore","12,178","22.2","15%","60 : 40"
"601–800","University Rey Juan CarlosSpainCourses","33,849","26.5","11%","57 : 43"
"601–800","Rochester Institute of TechnologyUnited StatesCoursesEnquire","13,784","16.2","17%","35 : 65"
"601–800","University of RoehamptonUnited KingdomCoursesEnquire","7,169","17.6","28%","73 : 27"
"601–800","Universiti Sains MalaysiaMalaysiaCourses","25,975","12.9","8%","63 : 37"
"601–800","University of SalamancaSpainCourses","30,943","18.5","14%","58 : 42"
"601–800","University of SalfordUnited KingdomCoursesEnquire","15,790","16.6","26%","52 : 48"
"601–800","Samara State Aerospace UniversityRussian FederationCourses","6,314","9.0","6%","n/a"
"601–800","University of Santiago de CompostelaSpainCourses","27,573","15.9","8%","62 : 38"
"601–800","Universidade Estadual Paulista (Unesp)BrazilCourses","44,059","13.3","3%","49 : 51"
"601–800","Savitribai Phule Pune UniversityIndiaCourses","6,155","15.9","3%","41 : 59"
"601–800","University of Science and Technology BeijingChinaCourses","24,384","15.8","3%","36 : 64"
"601–800","University of SeoulSouth KoreaCourses","8,902","17.0","5%","35 : 65"
"601–800","University of SevilleSpainCourses","54,413","18.5","2%","49 : 51"
"601–800","Shanghai UniversityChinaCourses","36,461","13.5","5%","46 : 54"
"601–800","Shantou UniversityChinaCourses","9,857","12.0","0%","50 : 50"
"601–800","Sharif University of TechnologyIranCourses","11,228","17.9","0%","26 : 74"
"601–800","Sichuan UniversityChinaCourses","60,848","13.9","4%","50 : 50"
"601–800","Sogang UniversitySouth KoreaCourses","9,440","21.5","7%","43 : 57"
"601–800","University of Southern QueenslandAustraliaCourses","11,921","25.9","19%","57 : 43"
"601–800","University of South WalesUnited KingdomCoursesEnquire","17,332","17.0","19%","51 : 49"
"601–800","Suranaree University of TechnologyThailandCourses","14,107","32.6","1%","54 : 46"
"601–800","University of SzegedHungaryCourses","20,864","13.1","12%","57 : 43"
"601–800","University of TabrizIranCourses","22,421","30.2","0%","51 : 49"
"601–800","Taipei Medical UniversityTaiwanCoursesExplore","5,929","12.1","7%","57 : 43"
"601–800","Tallinn University of TechnologyEstoniaCourses","10,921","21.2","10%","52 : 48"
"601–800","Technical University of MadridSpainCourses","40,371","13.6","12%","32 : 68"
"601–800","University of Technology of CompiègneFranceCourses","4,321","15.4","24%","36 : 64"
"601–800","Teesside UniversityUnited KingdomCoursesEnquire","11,095","18.1","12%","56 : 44"
"601–800","University of TehranIranCourses","59,457","29.4","2%","43 : 57"
"601–800","Tehran University of Medical SciencesIranCourses","12,668","7.6","3%","60 : 40"
"601–800","Universiti Teknologi MalaysiaMalaysiaCourses","18,214","10.5","14%","52 : 48"
"601–800","Universiti Teknologi PetronasMalaysiaCourses","5,875","15.3","22%","34 : 66"
"601–800","University of Texas at El PasoUnited StatesCoursesEnquire","16,595","23.8","7%","53 : 47"
"601–800","Tezpur UniversityIndiaCourses","3,611","13.8","0%","40 : 60"
"601–800","Tokyo University of Agriculture and TechnologyJapanCourses","5,797","14.8","6%","28 : 72"
"601–800","Tokyo University of ScienceJapanCoursesExplore","19,791","25.1","1%","20 : 80"
"601–800","University of VigoSpainCourses","19,472","16.6","6%","50 : 50"
"601–800","Vilnius UniversityLithuaniaCourses","17,364","12.3","6%","61 : 39"
"601–800","Warsaw University of TechnologyPolandCourses","31,101","13.0","5%","37 : 63"
"601–800","Waseda UniversityJapanCourses","49,840","15.8","8%","36 : 64"
"601–800","University of the West of EnglandUnited KingdomCoursesEnquire","20,468","18.3","19%","53 : 47"
"601–800","University of the Western CapeSouth AfricaCourses","20,382","31.6","9%","60 : 40"
"601–800","University of WestminsterUnited KingdomCoursesEnquire","17,040","20.1","46%","59 : 41"
"601–800","University of WindsorCanadaCoursesEnquire","15,227","19.1","17%","52 : 48"
"601–800","Yeungnam UniversitySouth KoreaCourses","20,532","14.7","4%","49 : 51"
"601–800","Yokohama City UniversityJapanCourses","4,889","3.5","2%","55 : 45"
"601–800","University of ZaragozaSpainCourses","29,924","11.2","6%","55 : 45"
"801–1000","University of A CoruñaSpainCourses","15,735","11.9","2%","51 : 49"
"801–1000","Adam Mickiewicz University, PoznańPolandCourses","40,412","14.9","2%","69 : 31"
"801–1000","University of Agriculture, FaisalabadPakistanCourses","19,736","32.9","0%","41 : 59"
"801–1000","Ain Shams UniversityEgyptCourses","131,200","13.5","2%","61 : 39"
"801–1000","Ajou UniversitySouth KoreaCourses","11,629","10.2","4%","34 : 66"
"801–1000","Akdeniz UniversityTurkeyCourses","33,904","26.3","2%","45 : 55"
"801–1000","Alexandria UniversityEgyptCourses","166,350","26.9","4%","53 : 47"
"801–1000","Alexandru Ioan Cuza UniversityRomaniaCourses","23,476","17.7","6%","63 : 37"
"801–1000","University of AlicanteSpainCourses","28,005","19.5","7%","57 : 43"
"801–1000","University of AlmeríaSpainCourses","12,315","18.4","7%","57 : 43"
"801–1000","Amrita Vishwa VidyapeethamIndiaCourses","14,233","11.9","13%","n/a"
"801–1000","Andhra UniversityIndiaCourses","9,632","19.2","3%","42 : 58"
"801–1000","Universidad Andrés Bello (UNAB)ChileCourses","44,906","26.1","1%","52 : 48"
"801–1000","Annamalai UniversityIndiaCourses","33,028","16.2","2%","35 : 65"
"801–1000","University of AntioquiaColombiaCourses","39,524","23.1","0%","50 : 50"
"801–1000","Asia University, TaiwanTaiwanCourses","12,514","30.7","2%","56 : 44"
"801–1000","Assiut UniversityEgyptCourses","60,170","33.0","1%","41 : 59"
"801–1000","Austral University of ChileChileCourses","14,423","16.7","2%","49 : 51"
"801–1000","Bandung Institute of Technology (ITB)IndonesiaCourses","16,786","11.5","2%","40 : 60"
"801–1000","Bauman Moscow State Technical UniversityRussian FederationCourses","19,394","4.0","7%","30 : 70"
"801–1000","Beijing Jiaotong UniversityChinaCourses","24,610","13.7","6%","41 : 59"
"801–1000","Belarusian State UniversityBelarusCourses","27,384","9.1","9%","69 : 31"
"801–1000","Birla Institute of Technology and Science, PilaniIndiaCourses","12,502","17.5","0%","21 : 79"
"801–1000","University of BrasíliaBrazilCourses","51,179","19.3","2%","51 : 49"
"801–1000","Brno University of TechnologyCzech RepublicCourses","22,278","21.4","19%","28 : 72"
"801–1000","University of BucharestRomaniaCourses","31,234","23.4","2%","69 : 31"
"801–1000","Budapest University of Technology and EconomicsHungaryCourses","20,258","19.6","3%","31 : 69"
"801–1000","Cairo UniversityEgyptCourses","252,095","46.2","2%","48 : 52"
"801–1000","University of CalcuttaIndiaCourses","18,922","36.0","0%","50 : 50"
"801–1000","California Polytechnic State University, San Luis ObispoUnited StatesCoursesEnquire","18,838","20.5","2%","47 : 53"
"801–1000","University of Castilla-La ManchaSpainCoursesExplore","24,174","14.3","5%","56 : 44"
"801–1000","Catholic University of the NorthChileCourses","11,187","20.2","1%","45 : 55"
"801–1000","Central University of VenezuelaVenezuelaCourses","48,426","14.7","1%","57 : 43"
"801–1000","University of Cergy-PontoiseFranceCourses","18,125","9.4","15%","64 : 36"
"801–1000","Chiang Mai UniversityThailandCourses","35,809","16.9","1%","62 : 38"
"801–1000","China University of Mining and TechnologyChinaCourses","43,095","18.1","1%","28 : 72"
"801–1000","China University of Petroleum, BeijingChinaCourses","15,133","18.8","5%","n/a"
"801–1000","Chongqing UniversityChinaCourses","49,391","17.6","3%","n/a"
"801–1000","Chungnam National UniversitySouth KoreaCourses","22,674","22.2","3%","34 : 66"
"801–1000","Chung Yuan Christian UniversityTaiwanCourses","15,769","31.7","9%","42 : 58"
"801–1000","Chuo UniversityJapanCourses","26,870","37.6","3%","34 : 66"
"801–1000","Cochin University of Science and TechnologyIndiaCourses","8,168","32.0","0%","36 : 64"
"801–1000","University of ColomboSri LankaCourses","22,826","32.1","0%","59 : 41"
"801–1000","University of ConcepciónChileCourses","26,682","17.9","1%","50 : 50"
"801–1000","Corvinus University of BudapestHungaryCourses","13,724","25.0","12%","55 : 45"
"801–1000","University of Costa RicaCosta RicaCourses","30,436","10.3","2%","53 : 47"
"801–1000","Czech University of Life Sciences Prague (CULS)Czech RepublicCourses","17,077","20.6","18%","54 : 46"
"801–1000","University of DebrecenHungaryCoursesExplore","27,519","18.2","14%","57 : 43"
"801–1000","Del Rosario UniversityColombiaCourses","8,458","11.3","3%","n/a"
"801–1000","University of DerbyUnited KingdomCoursesEnquire","12,217","15.0","14%","55 : 45"
"801–1000","Ehime UniversityJapanCourses","9,526","12.8","3%","37 : 63"
"801–1000","The University of Electro-CommunicationsJapanCourses","4,982","16.6","5%","10 : 90"
"801–1000","University of Electronic Science and Technology of ChinaChinaCoursesExplore","34,052","16.2","1%","23 : 77"
"801–1000","Erciyes UniversityTurkeyCourses","35,263","25.3","2%","47 : 53"
"801–1000","Universidade Federal do Ceará (UFC)BrazilCourses","34,084","16.3","0%","47 : 53"
"801–1000","Federal University of PelotasBrazilCourses","17,882","13.7","1%","51 : 49"
"801–1000","Federal University of PernambucoBrazilCourses","32,408","12.7","1%","50 : 50"
"801–1000","Federal University of Rio Grande do Norte (UFRN)BrazilCourses","42,613","19.3","0%","54 : 46"
"801–1000","Universidade Federal de Santa CatarinaBrazilCourses","34,183","14.2","2%","48 : 52"
"801–1000","Federal University of São CarlosBrazilCourses","18,145","14.5","2%","49 : 51"
"801–1000","Feng Chia UniversityTaiwanCourses","21,014","24.8","12%","37 : 63"
"801–1000","Ferdowsi University of MashhadIranCourses","23,211","28.4","4%","57 : 43"
"801–1000","University of La FronteraChileCourses","10,157","24.7","0%","44 : 56"
"801–1000","Fu Jen Catholic UniversityTaiwanCourses","23,154","19.3","7%","58 : 42"
"801–1000","Universitas Gadjah MadaIndonesiaCourses","42,398","12.4","1%","53 : 47"
"801–1000","Gdańsk University of TechnologyPolandCourses","24,230","19.9","1%","40 : 60"
"801–1000","University of GhanaGhanaCourses","39,436","35.1","2%","43 : 57"
"801–1000","Gifu UniversityJapanCourses","7,320","8.0","4%","35 : 65"
"801–1000","Grigore T. Popa University of Medicine and PharmacyRomaniaCourses","9,710","11.7","29%","65 : 35"
"801–1000","University of GuilanIranCourses","16,946","15.1","0%","55 : 45"
"801–1000","Hallym UniversitySouth KoreaCourses","8,688","10.1","3%","n/a"
"801–1000","Hamamatsu University School of MedicineJapanCourses","1,198","3.8","2%","49 : 51"
"801–1000","Hosei UniversityJapanCourses","28,937","38.5","2%","35 : 65"
"801–1000","Huaqiao UniversityChinaCourses","23,442","14.9","15%","38 : 62"
"801–1000","University of IbadanNigeriaCourses","26,783","16.5","1%","47 : 53"
"801–1000","Imam Abdulrahman Bin Faisal UniversitySaudi ArabiaCoursesExplore","22,257","8.8","4%","81 : 19"
"801–1000","University of IndonesiaIndonesiaCourses","42,854","13.7","5%","59 : 41"
"801–1000","University of IsfahanIranCourses","12,473","19.4","1%","59 : 41"
"801–1000","I-Shou UniversityTaiwanCourses","16,705","31.3","11%","46 : 54"
"801–1000","Istanbul UniversityTurkeyCourses","96,144","45.9","6%","48 : 52"
"801–1000","Iwate UniversityJapanCourses","5,713","14.6","2%","37 : 63"
"801–1000","Izmir Institute of TechnologyTurkeyCourses","4,211","18.6","4%","46 : 54"
"801–1000","Jamia Millia IslamiaIndiaCourses","16,710","23.3","1%","33 : 67"
"801–1000","Jiangsu UniversityChinaCoursesExplore","32,350","7.0","4%","47 : 53"
"801–1000","Jikei University School of MedicineJapanCourses","1,020","0.6","4%","45 : 55"
"801–1000","Jinan UniversityChinaCoursesExplore","34,016","14.8","25%","60 : 40"
"801–1000","The University of JordanJordanCourses","31,278","16.0","14%","65 : 35"
"801–1000","Kagoshima UniversityJapanCourses","10,577","10.2","3%","38 : 62"
"801–1000","Kansai Medical UniversityJapanCourses","829","1.1","2%","38 : 62"
"801–1000","Kasetsart UniversityThailandCourses","68,505","23.1","1%","61 : 39"
"801–1000","University of KeralaIndiaCourses","9,593","31.3","1%","65 : 35"
"801–1000","Khon Kaen UniversityThailandCourses","34,661","18.8","2%","63 : 37"
"801–1000","Kindai UniversityJapanCourses","30,609","13.0","2%","29 : 71"
"801–1000","King Mongkut’s Institute of Technology LadkrabangThailandCourses","23,946","25.0","0%","52 : 48"
"801–1000","Kitasato UniversityJapanCourses","8,555","5.5","0%","52 : 48"
"801–1000","Kyoto Institute of TechnologyJapanCourses","4,057","13.0","5%","26 : 74"
"801–1000","Kyushu Institute of Technology (Kyutech)JapanCourses","5,793","16.0","4%","13 : 87"
"801–1000","University of LatviaLatviaCourses","12,034","14.0","7%","66 : 34"
"801–1000","Lobachevsky State University of Nizhni NovgorodRussian FederationCourses","18,557","8.5","6%","53 : 47"
"801–1000","London South Bank UniversityUnited KingdomCoursesEnquire","12,270","17.3","35%","55 : 45"
"801–1000","Mansoura UniversityEgyptCourses","109,714","26.5","4%","54 : 46"
"801–1000","Marmara UniversityTurkeyCourses","78,666","39.5","3%","49 : 51"
"801–1000","University of Marrakech Cadi AyyadMoroccoCourses","76,560","51.7","1%","42 : 58"
"801–1000","Meiji UniversityJapanCourses","32,270","29.1","4%","32 : 68"
"801–1000","Metropolitan Autonomous UniversityMexicoCourses","57,092","20.1","0%","47 : 53"
"801–1000","Mie UniversityJapanCourses","7,298","12.6","2%","37 : 63"
"801–1000","University of MiyazakiJapanCourses","5,507","8.3","2%","35 : 65"
"801–1000","Mohammed V University of RabatMoroccoCourses","71,147","32.5","4%","53 : 47"
"801–1000","Nagaoka University of TechnologyJapanCourses","2,341","10.0","12%","11 : 89"
"801–1000","Nagasaki UniversityJapanCourses","8,881","6.6","3%","37 : 63"
"801–1000","Nagoya Institute of TechnologyJapanCourses","5,695","16.5","4%","13 : 87"
"801–1000","University of NairobiKenyaCourses","84,614","47.3","0%","38 : 62"
"801–1000","Nara Medical UniversityJapanCourses","1,155","3.3","1%","50 : 50"
"801–1000","National Chung Cheng UniversityTaiwanCourses","10,925","16.9","4%","39 : 61"
"801–1000","National University of ColombiaColombiaCourses","51,432","22.5","1%","36 : 64"
"801–1000","National University of CórdobaArgentinaCourses","87,926","22.3","1%","62 : 38"
"801–1000","National Dong Hwa UniversityTaiwanCoursesExplore","10,174","17.5","7%","49 : 51"
"801–1000","National Research Saratov State UniversityRussian FederationCourses","10,544","11.8","4%","60 : 40"
"801–1000","National University of TainanTaiwanCourses","5,996","25.4","3%","56 : 44"
"801–1000","National Taipei UniversityTaiwanCourses","8,563","17.1","4%","55 : 45"
"801–1000","National Taipei University of TechnologyTaiwanCoursesExplore","10,288","16.7","5%","27 : 73"
"801–1000","National Taiwan Ocean UniversityTaiwanCourses","8,609","21.7","7%","n/a"
"801–1000","Nicolaus Copernicus University in ToruńPolandCourses","21,497","9.9","2%","70 : 30"
"801–1000","Niigata UniversityJapanCoursesExplore","12,522","8.1","4%","38 : 62"
"801–1000","Northeastern UniversityChinaCourses","33,348","15.1","4%","n/a"
"801–1000","Northwest UniversityChinaCourses","22,167","15.0","2%","56 : 44"
"801–1000","NorthWest A&F UniversityChinaCourses","30,722","16.7","1%","n/a"
"801–1000","Novosibirsk State Technical UniversityRussian FederationCourses","11,126","10.7","16%","45 : 55"
"801–1000","Oakland UniversityUnited StatesCoursesEnquire","15,401","19.0","3%","59 : 41"
"801–1000","Ocean University of ChinaChinaCourses","35,410","19.4","1%","n/a"
"801–1000","Osaka Prefecture UniversityJapanCourses","7,931","7.4","3%","35 : 65"
"801–1000","Osmania UniversityIndiaCourses","12,017","15.5","3%","29 : 71"
"801–1000","University of OstravaCzech RepublicCourses","10,062","21.5","7%","69 : 31"
"801–1000","University of PardubiceCzech RepublicCourses","8,487","15.7","3%","55 : 45"
"801–1000","Paris Nanterre UniversityFranceCourses","33,635","35.7","16%","63 : 37"
"801–1000","Pondicherry UniversityIndiaCourses","6,278","17.3","1%","42 : 58"
"801–1000","Pontifícia Universidade Católica do ParanáBrazilCourses","26,022","23.3","1%","53 : 47"
"801–1000","Pontifical Catholic University of Rio Grande do Sul (PUCRS)BrazilCourses","20,944","23.6","1%","51 : 49"
"801–1000","Pontifical Catholic University of ValparaísoChileCourses","14,953","23.1","1%","43 : 57"
"801–1000","Prince of Songkla UniversityThailandCourses","42,751","18.3","1%","70 : 30"
"801–1000","Riga Technical UniversityLatviaCourses","11,119","27.3","9%","33 : 67"
"801–1000","Universidade do Estado do Rio de Janeiro (UERJ)BrazilCourses","25,811","9.9","0%","48 : 52"
"801–1000","Ritsumeikan UniversityJapanCourses","35,228","14.5","4%","35 : 65"
"801–1000","Robert Gordon UniversityUnited KingdomCoursesEnquire","9,617","18.3","24%","60 : 40"
"801–1000","Saga UniversityJapanCourses","7,015","10.3","3%","38 : 62"
"801–1000","Saitama UniversityJapanCourses","8,808","13.9","5%","32 : 68"
"801–1000","Saitama Medical UniversityJapanCourses","1,874","1.5","0%","53 : 47"
"801–1000","University of Santiago, Chile (USACH)ChileCourses","23,401","21.0","1%","40 : 60"
"801–1000","Seoul National University of Science and Technology (SeoulTech)South KoreaCourses","12,471","16.6","2%","33 : 67"
"801–1000","Shaanxi Normal UniversityChinaCourses","26,388","14.2","3%","72 : 28"
"801–1000","Shahid Beheshti UniversityIranCourses","17,113","22.6","1%","52 : 48"
"801–1000","University of SharjahUnited Arab EmiratesCourses","13,300","23.6","61%","65 : 35"
"801–1000","Sheffield Hallam UniversityUnited KingdomCoursesEnquire","24,627","16.3","14%","54 : 46"
"801–1000","Shiga University of Medical ScienceJapanCourses","1,134","3.0","2%","51 : 49"
"801–1000","Shimane UniversityJapanCourses","6,122","8.0","2%","37 : 63"
"801–1000","Shinshu UniversityJapanCourses","10,944","10.3","2%","32 : 68"
"801–1000","Shiraz UniversityIranCourses","12,879","19.3","1%","49 : 51"
"801–1000","Shizuoka UniversityJapanCourses","10,032","14.1","3%","29 : 71"
"801–1000","Showa UniversityJapanCourses","3,747","2.4","1%","58 : 42"
"801–1000","University of Silesia in KatowicePolandCourses","26,470","14.1","2%","68 : 32"
"801–1000","Simón Bolívar UniversityVenezuelaCourses","9,731","12.1","0%","44 : 56"
"801–1000","Slovak University of Technology in BratislavaSlovakiaCourses","15,749","14.8","2%","33 : 67"
"801–1000","Sophia UniversityJapanCoursesExplore","12,907","23.6","8%","54 : 46"
"801–1000","University of South AfricaSouth AfricaCourses","184,432","89.6","12%","66 : 34"
"801–1000","Southern Federal UniversityRussian FederationCourses","20,148","7.4","7%","53 : 47"
"801–1000","University of Southern MississippiUnited StatesCoursesEnquire","13,576","18.2","3%","64 : 36"
"801–1000","South Valley UniversityEgyptCourses","52,098","60.8","1%","50 : 50"
"801–1000","Sri Venkateswara UniversityIndiaCourses","7,663","14.1","0%","33 : 67"
"801–1000","State University of Ponta GrossaBrazilCourses","8,219","8.6","1%","55 : 45"
"801–1000","Suez Canal UniversityEgyptCourses","33,846","12.7","1%","58 : 42"
"801–1000","Sultan Qaboos UniversityOmanCourses","7,623","8.0","3%","50 : 50"
"801–1000","University of TalcaChileCourses","10,532","24.6","1%","51 : 49"
"801–1000","Taras Shevchenko National University of KyivUkraineCourses","22,152","8.7","4%","62 : 38"
"801–1000","Technical University of KošiceSlovakiaCourses","9,714","12.3","3%","30 : 70"
"801–1000","Universiti Tenaga Nasional (UNITEN)MalaysiaCourses","8,231","22.1","7%","41 : 59"
"801–1000","Texas State UniversityUnited StatesCoursesEnquire","30,054","20.4","1%","57 : 43"
"801–1000","Thapar UniversityIndiaCourses","5,576","14.3","1%","29 : 71"
"801–1000","University of Abou Bekr Belkaïd TlemcenAlgeriaCourses","42,407","23.8","1%","67 : 33"
"801–1000","TOBB University of Economics and TechnologyTurkeyCourses","5,053","16.0","1%","45 : 55"
"801–1000","Tokai UniversityJapanCourses","30,061","12.8","2%","27 : 73"
"801–1000","Tokushima UniversityJapanCourses","7,543","8.6","3%","34 : 66"
"801–1000","Tokyo University of Marine Science and TechnologyJapanCourses","2,660","11.1","7%","33 : 67"
"801–1000","Tomas Bata University in ZlínCzech RepublicCourses","9,263","21.2","9%","59 : 41"
"801–1000","University of ToyamaJapanCourses","9,326","11.4","4%","39 : 61"
"801–1000","Toyohashi University of Technology (TUT)JapanCourses","2,350","9.9","7%","9 : 91"
"801–1000","University of ValparaísoChileCourses","15,654","17.4","3%","57 : 43"
"801–1000","VIT UniversityIndiaCourses","30,473","18.1","3%","25 : 75"
"801–1000","VSB - Technical University of OstravaCzech RepublicCoursesExplore","18,270","23.4","8%","n/a"
"801–1000","University of West BohemiaCzech RepublicCourses","12,991","18.7","3%","51 : 49"
"801–1000","West University of TimişoaraRomaniaCourses","13,524","17.0","4%","65 : 35"
"801–1000","University of WrocławPolandCourses","23,852","12.9","3%","n/a"
"801–1000","Wuhan University of TechnologyChinaCourses","50,876","14.6","3%","31 : 69"
"801–1000","Xiangtan UniversityChinaCoursesExplore","30,810","21.2","1%","53 : 47"
"801–1000","Xidian UniversityChinaCourses","32,722","16.6","2%","29 : 71"
"801–1000","Yamagata UniversityJapanCourses","8,961","8.2","1%","35 : 65"
"801–1000","Yamaguchi UniversityJapanCourses","10,639","11.0","4%","35 : 65"
"801–1000","University of YamanashiJapanCourses","4,777","6.7","4%","30 : 70"
"801–1000","Yıldız Technical UniversityTurkeyCoursesExplore","35,670","28.5","4%","38 : 62"
"801–1000","Yokohama National UniversityJapanCourses","9,968","12.8","7%","28 : 72"
"801–1000","Yuan Ze UniversityTaiwanCourses","8,652","20.9","6%","42 : 58"
"801–1000","University of ZagrebCroatiaCourses","73,465","17.4","1%","55 : 45"
"1001+","Akita UniversityJapanCourses","5,127","8.8","3%","35 : 65"
"1001+","Alzahra UniversityIranCourses","10,637","31.2","0%","100 : 0"
"1001+","Amity UniversityIndiaCourses","25,607","15.0","4%","43 : 57"
"1001+","Anadolu UniversityTurkeyCourses","1,824,383","864.6","1%","41 : 59"
"1001+","University of the Andes, VenezuelaVenezuelaCourses","52,972","21.2","0%","61 : 39"
"1001+","Ankara UniversityTurkeyCourses","65,703","17.0","4%","53 : 47"
"1001+","Autonomous University of Baja CaliforniaMexicoCoursesExplore","59,539","20.4","2%","52 : 48"
"1001+","Universidad Autónoma del Estado de HidalgoMexicoCourses","32,210","17.7","0%","57 : 43"
"1001+","Universidad Autónoma de Nuevo León (UANL)MexicoCourses","96,916","26.0","1%","n/a"
"1001+","Benemérita Universidad Autónoma de PueblaMexicoCourses","70,345","34.9","0%","53 : 47"
"1001+","Universidad Autónoma del Estado de Mexico (UAEMex)MexicoCourses","55,667","22.2","0%","55 : 45"
"1001+","Universidad Autónoma de YucatánMexicoCourses","12,208","12.4","0%","48 : 52"
"1001+","Bahauddin Zakariya UniversityPakistanCourses","24,069","32.9","0%","47 : 53"
"1001+","University of BirjandIranCourses","11,284","33.5","1%","53 : 47"
"1001+","Chaoyang University of TechnologyTaiwanCourses","17,235","43.3","7%","57 : 43"
"1001+","Chiba Institute of TechnologyJapanCourses","9,668","31.0","1%","11 : 89"
"1001+","University of DhakaBangladeshCourses","63,010","6.8","5%","39 : 61"
"1001+","Dokuz Eylül UniversityTurkeyCourses","58,134","17.6","2%","55 : 45"
"1001+","Doshisha UniversityJapanCourses","29,220","23.8","3%","39 : 61"
"1001+","Far Eastern Federal UniversityRussian FederationCourses","15,764","8.3","14%","n/a"
"1001+","Federal University of GoiásBrazilCourses","27,514","10.2","0%","45 : 55"
"1001+","Federal University of LavrasBrazilCourses","12,168","17.6","1%","52 : 48"
"1001+","Universidade Federal de Ouro Preto (UFOP)BrazilCourses","15,380","15.7","0%","52 : 48"
"1001+","Universidade Federal do Paraná (UFPR)BrazilCourses","33,820","13.6","1%","47 : 53"
"1001+","Federal University of Santa MariaBrazilCourses","25,751","13.5","0%","n/a"
"1001+","Federal University of ViçosaBrazilCourses","16,752","13.8","3%","52 : 48"
"1001+","Fluminense Federal UniversityBrazilCourses","61,662","18.1","0%","49 : 51"
"1001+","University of FukuiJapanCourses","4,980","9.1","4%","28 : 72"
"1001+","Gazi UniversityTurkeyCourses","78,021","28.2","3%","49 : 51"
"1001+","G.B. Pant University of Agriculture & Technology, PantnagarIndiaCourses","4,567","8.2","0%","46 : 54"
"1001+","University of GdańskPolandCourses","28,397","17.4","1%","69 : 31"
"1001+","GITAM UniversityIndiaCourses","14,822","16.3","1%","27 : 73"
"1001+","Government College University LahorePakistanCourses","8,526","19.3","1%","43 : 57"
"1001+","University of GuadalajaraMexicoCoursesExplore","118,665","54.0","0%","51 : 49"
"1001+","Guangxi UniversityChinaCourses","33,970","15.8","5%","46 : 54"
"1001+","The Hashemite UniversityJordanCourses","24,958","25.7","4%","62 : 38"
"1001+","University of HyogoJapanCourses","6,682","14.1","2%","38 : 62"
"1001+","Ibaraki UniversityJapanCourses","8,113","14.0","3%","35 : 65"
"1001+","IPB UniversityIndonesiaCourses","22,718","15.8","1%","57 : 43"
"1001+","Ivane Javakhishvili Tbilisi State UniversityGeorgiaCoursesExplore","21,866","28.5","2%","62 : 38"
"1001+","Ivan Franko National University of LvivUkraineCourses","18,632","11.3","1%","68 : 32"
"1001+","Jawaharlal Nehru Technological University Anantapur (JNTUA)IndiaCourses","4,621","13.6","0%","39 : 61"
"1001+","Kanagawa UniversityJapanCourses","18,467","39.4","3%","28 : 72"
"1001+","Kansai UniversityJapanCourses","30,211","11.5","2%","39 : 61"
"1001+","Kaunas University of TechnologyLithuaniaCourses","10,439","13.8","6%","39 : 61"
"1001+","King Mongkut's University of Technology North BangkokThailandCourses","25,640","24.4","0%","38 : 62"
"1001+","Kogakuin UniversityJapanCoursesExplore","6,506","20.5","1%","13 : 87"
"1001+","Kwansei Gakuin UniversityJapanCourses","24,410","15.2","4%","47 : 53"
"1001+","University of LahorePakistanCourses","27,872","16.2","2%","29 : 71"
"1001+","University of ŁódźPolandCourses","35,088","15.9","3%","66 : 34"
"1001+","Lodz University of TechnologyPolandCourses","19,984","15.2","2%","n/a"
"1001+","Londrina State UniversityBrazilCourses","16,461","9.8","0%","57 : 43"
"1001+","Lviv Polytechnic National UniversityUkraineCourses","28,691","12.2","1%","n/a"
"1001+","Maharaja Sayajirao University of BarodaIndiaCourses","29,624","29.1","0%","56 : 44"
"1001+","Manipal Academy of Higher EducationIndiaCourses","24,705","9.8","9%","43 : 57"
"1001+","Meijo UniversityJapanCourses","15,485","31.9","2%","27 : 73"
"1001+","Ming Chuan UniversityTaiwanCourses","18,843","22.2","11%","60 : 40"
"1001+","University of MonastirTunisiaCourses","23,637","12.4","1%","67 : 33"
"1001+","University of MysoreIndiaCourses","8,535","20.1","9%","34 : 66"
"1001+","National Chiayi UniversityTaiwanCourses","12,750","26.6","4%","48 : 52"
"1001+","National University of KaohsiungTaiwanCourses","5,416","23.3","3%","40 : 60"
"1001+","Instituto Politécnico Nacional (IPN)MexicoCourses","173,868","10.3","0%","39 : 61"
"1001+","National Research University of Electronic Technology (MIET)Russian FederationCourses","4,318","10.8","2%","31 : 69"
"1001+","National Technical University of Ukraine – Igor Sikorsky Kyiv Polytechnic InstituteUkraineCourses","21,601","8.3","1%","32 : 68"
"1001+","Oita UniversityJapanCourses","5,793","7.2","2%","37 : 63"
"1001+","Ondokuz Mayis UniversityTurkeyCourses","42,911","18.8","4%","56 : 44"
"1001+","Perm State UniversityRussian FederationCourses","12,371","13.1","1%","63 : 37"
"1001+","University of PeshawarPakistanCourses","7,900","14.9","1%","42 : 58"
"1001+","PMAS Arid Agriculture University RawalpindiPakistanCourses","9,957","40.5","0%","39 : 61"
"1001+","PSG College of TechnologyIndiaCourses","8,490","14.7","0%","38 : 62"
"1001+","RUDN UniversityRussian FederationCourses","16,215","9.4","32%","67 : 33"
"1001+","SASTRA UniversityIndiaCourses","13,147","18.9","0%","50 : 50"
"1001+","Sathyabama Institute of Science and TechnologyIndiaCourses","17,861","22.1","1%","51 : 49"
"1001+","Sechenov UniversityRussian FederationCoursesExplore","16,128","9.0","10%","58 : 42"
"1001+","Shanghai Maritime UniversityChinaCourses","23,552","18.8","3%","37 : 63"
"1001+","Shibaura Institute of Technology TokyoJapanCourses","9,911","17.7","4%","15 : 85"
"1001+","Siberian Federal UniversityRussian FederationCourses","28,008","11.3","1%","47 : 53"
"1001+","Sidi Mohamed Ben Abdellah UniversityMoroccoCourses","82,558","58.3","2%","45 : 55"
"1001+","Sofia UniversityBulgariaCourses","23,956","13.7","4%","65 : 35"
"1001+","Southwest Jiaotong UniversityChinaCourses","40,819","15.3","2%","26 : 74"
"1001+","SRM Institute of Science and TechnologyIndiaCourses","42,886","15.3","2%","23 : 77"
"1001+","Universidade Estadual de MaringáBrazilCourses","23,341","14.1","1%","59 : 41"
"1001+","Tamil Nadu Agricultural UniversityIndiaCourses","5,780","7.1","0%","62 : 38"
"1001+","Tamkang UniversityTaiwanCourses","27,060","24.0","6%","48 : 52"
"1001+","Technical University of LiberecCzech RepublicCourses","6,129","12.1","9%","54 : 46"
"1001+","Tokyo City UniversityJapanCourses","7,904","15.6","1%","22 : 78"
"1001+","Tokyo Denki UniversityJapanCourses","9,400","25.7","2%","10 : 90"
"1001+","Tottori UniversityJapanCourses","6,165","8.0","2%","36 : 64"
"1001+","Toyo UniversityJapanCourses","30,142","33.5","1%","41 : 59"
"1001+","University of Tunis El ManarTunisiaCourses","30,301","16.7","1%","76 : 24"
"1001+","Unisinos UniversityBrazilCourses","14,412","20.9","1%","52 : 48"
"1001+","Ural Federal UniversityRussian FederationCourses","24,917","9.8","7%","46 : 54"
"1001+","Universiti Utara MalaysiaMalaysiaCourses","14,315","13.0","18%","73 : 27"
"1001+","Utsunomiya UniversityJapanCourses","4,928","14.5","4%","36 : 64"
"1001+","University of Veterinary and Animal Sciences, LahorePakistanCourses","5,003","28.6","0%","45 : 55"
"1001+","V.N. Karazin Kharkiv National UniversityUkraineCourses","16,067","9.8","27%","53 : 47"
"1001+","Volgograd State Technical UniversityRussian FederationCourses","9,254","12.0","6%","n/a"
"1001+","Voronezh State UniversityRussian FederationCourses","15,468","10.1","9%","58 : 42"
"1001+","Universidade Estadual do Oeste do Paraná (Unioeste)BrazilCourses","10,791","5.0","0%","53 : 47"
"1001+","Yazd UniversityIranCourses","13,600","23.9","0%","56 : 44"
"1001+","Yeditepe UniversityTurkeyCoursesExplore","23,260","25.1","1%","52 : 48"
"1001+","University of ZanjanIranCourses","10,305","25.8","0%","55 : 45"